nombre_cientifico;foto;orden;autor;licencia;fuente
Acacia stenophylla;acacia-stenophylla-1.jpg;1;Stitchingbushwalker;CC BY-SA 4.0;https://commons.wikimedia.org/wiki/File:River_Cooba_-_Acacia_stenophylla_south_of_Bellata,_NSW_-_inflorescence.jpg
Acacia stenophylla;acacia-stenophylla-2.jpg;2;Don A.W. Carlson;CC BY 2.5;https://commons.wikimedia.org/wiki/File:Acacia-stenophylla-flowers.jpg
Acacia stenophylla;acacia-stenophylla-3.jpg;3;MargaretRDonald;CC BY-SA 4.0;https://commons.wikimedia.org/wiki/File:Acacia_stenophylla_PB200821.jpg
Acacia stenophylla;acacia-stenophylla-4.jpg;4;Stitchingbushwalker;CC BY-SA 4.0;https://commons.wikimedia.org/wiki/File:River_Cooba_-_Acacia_stenophylla_in_Macquarie_Marshes_01.jpg
Adansonia digitata;adansonia-digitata-1.jpg;1;Ferdinand Reus from Arnhem, Holland;CC BY-SA 2.0;https://commons.wikimedia.org/wiki/File:Baobab_and_elephant,_Tanzania.jpg
Adansonia digitata;adansonia-digitata-2.jpg;2;Aboubacarkhoraa;CC BY-SA 4.0;https://commons.wikimedia.org/wiki/File:Baobab_%C3%A0_Gayah,_Guin%C3%A9e.jpg
Adansonia digitata;adansonia-digitata-3.jpg;3;Tammy FAÏZOUN;CC BY-SA 4.0;https://commons.wikimedia.org/wiki/File:Plante_de_baobab_africain.jpg
Adonidia merrillii;adonidia-merrillii-1.jpg;1;Judgefloro;CC BY-SA 4.0;https://commons.wikimedia.org/wiki/File:JfTikay9614MalolosHapChanHiwayfvf_10.JPG
Adonidia merrillii;adonidia-merrillii-2.jpg;2;Forest & Kim Starr;CC BY 3.0;https://commons.wikimedia.org/wiki/File:Starr_070124-3842_Veitchia_merrillii.jpg
Adonidia merrillii;adonidia-merrillii-3.jpg;3;Forest and Kim Starr;CC BY 3.0 us;https://commons.wikimedia.org/wiki/File:Starr-150326-0849-Veitchia_merrillii-Old_Galley_Kim_and_Laysan_Albatrosses-Town_Sand_Island-Midway_Atoll_(25173851311).jpg
Agave americana;agave-americana-1.jpg;1;Juan Carlos Fonseca Mata;CC BY-SA 4.0;https://commons.wikimedia.org/wiki/File:Maguey_(Agave_americana),_Asparagaceae.jpg
Agave americana;agave-americana-2.jpg;2;Kolforn (Kolforn) I'd appreciate if you could mail me (Kolforn@gmail.com) if you;CC BY-SA 4.0;https://commons.wikimedia.org/wiki/File:14_November_2016,_Century_plant_or_Maguey_(Agave_Americana),_Mosqueira.JPG
Agave americana;agave-americana-3.jpg;3;Juan Carlos Fonseca Mata;CC BY-SA 4.0;https://commons.wikimedia.org/wiki/File:Maguey_blanco_(Agave_americana)_III.jpg
Bismarckia nobilis;bismarckia-nobilis-1.jpg;1;Mmcknight4;Public domain;https://commons.wikimedia.org/wiki/File:B.nobilis.JPG
Bismarckia nobilis;bismarckia-nobilis-2.jpg;2;Bkell;Public domain;https://commons.wikimedia.org/wiki/File:Bismarckia_nobilis.jpg
Bougainvillea glabra;bougainvillea-glabra-1.jpg;1;Horacio Cambeiro;CC BY 4.0;https://commons.wikimedia.org/wiki/File:Flor_de_Santa_Rita_(Bougainvillea_glabra)_una_especie_de_planta_trepadora_de_la_familia_de_las_Nyctaginaceae_(sobre_Ruta_Provincial_7,_municipio_de_Ruiz_de_Montoya,_Provincia_de_Misiones,_Rep%C3%BAblica_Argentina).jpg
Bougainvillea glabra;bougainvillea-glabra-2.jpg;2;Taken by Fanghong;CC BY-SA 3.0;https://commons.wikimedia.org/wiki/File:BougainvilleaGlabra.jpg
Bougainvillea glabra;bougainvillea-glabra-3.jpg;3;পাপৰি বৰা;CC BY-SA 4.0;https://commons.wikimedia.org/wiki/File:Bougainvillea_29.jpg
Brachychiton populneus;brachychiton-populneus-1.jpg;1;Luis Fernández García;CC BY-SA 4.0;https://commons.wikimedia.org/wiki/File:Brachychiton_populneus_20110822i.jpg
Brachychiton populneus;brachychiton-populneus-2.jpg;2;Luis Fernández García;CC BY-SA 4.0;https://commons.wikimedia.org/wiki/File:Brachychiton_populneus_20110822a.jpg
Brunfelsia australis;brunfelsia-australis-1.jpg;1;Forest & Kim Starr;CC BY 3.0;https://commons.wikimedia.org/wiki/File:Starr_060325-6728_Brunfelsia_australis.jpg
Brunfelsia australis;brunfelsia-australis-2.jpg;2;Forest & Kim Starr;CC BY 3.0;https://commons.wikimedia.org/wiki/File:Starr_070403-6451_Brunfelsia_australis.jpg
Brunfelsia australis;brunfelsia-australis-3.jpg;3;Forest & Kim Starr;CC BY 3.0;https://commons.wikimedia.org/wiki/File:Starr_070830-8228_Brunfelsia_australis.jpg
Butia capitata;butia-capitata-1.jpg;1;MichaelMaggs;CC BY-SA 3.0;https://commons.wikimedia.org/wiki/File:Butia_capitata,_Tresco.JPG
Butia capitata;butia-capitata-2.jpg;2;Al*from*Lig;CC BY-SA 4.0;https://commons.wikimedia.org/wiki/File:Butia_capitata_adulta.jpg
Byrsonima crassifolia;byrsonima-crassifolia-1.jpg;1;Franz Xaver;CC BY-SA 3.0;https://commons.wikimedia.org/wiki/File:Byrsonima_crassifolia_2.jpg
Byrsonima crassifolia;byrsonima-crassifolia-2.jpg;2;Stevoco;Public domain;https://commons.wikimedia.org/wiki/File:Mimbro_en_El_Diamante.JPG
Caesalpinia gilliesii;caesalpinia-gilliesii-1.jpg;1;Alvesgaspar;CC BY-SA 3.0;https://commons.wikimedia.org/wiki/File:Caesalpinia_July_2011-2.jpg
Caesalpinia gilliesii;caesalpinia-gilliesii-2.jpg;2;Jebulon;CC0;https://commons.wikimedia.org/wiki/File:Caesalpinia_gilliesii_JdP.jpg
Caesalpinia spinosa;caesalpinia-spinosa-1.jpg;1;LUFJARD;CC BY 4.0;https://commons.wikimedia.org/wiki/File:Tara_spinosa.jpg
Caesalpinia spinosa;caesalpinia-spinosa-2.jpg;2;;CC BY-SA 3.0;https://commons.wikimedia.org/wiki/File:Caesalpinia_spinosa.jpg
Caesalpinia spinosa;caesalpinia-spinosa-3.jpg;3;Krzysztof Ziarnek, Kenraiz;CC BY-SA 4.0;https://commons.wikimedia.org/wiki/File:Caesalpinia_spinosa_kz02.jpg
Calliandra carbonaria;calliandra-carbonaria-1.jpg;1;Philipp Weigell;CC BY 3.0;https://commons.wikimedia.org/wiki/File:Calliandra_carbonaria_(2).jpg
Calliandra carbonaria;calliandra-carbonaria-2.jpg;2;Nathaly 1106;CC0;https://commons.wikimedia.org/wiki/File:Calliandra_trinervia.jpg
Calliandra carbonaria;calliandra-carbonaria-3.jpg;3;Nathaly 1106;CC0;https://commons.wikimedia.org/wiki/File:Flor_Calliandra_trinervia_Benth.jpg
Callistemon viminalis;callistemon-viminalis-1.jpg;1;Consultaplantas;CC BY-SA 4.0;https://commons.wikimedia.org/wiki/File:Callistemon_viminalis_3c.JPG
Callistemon viminalis;callistemon-viminalis-2.jpg;2;M108t;CC BY 4.0;https://commons.wikimedia.org/wiki/File:Melaleuca_viminalis_in_Ishigaki,_Okinawa.jpg
Callitris columellaris;callitris-columellaris-1.jpg;1;Casliber;CC BY-SA 3.0;https://commons.wikimedia.org/wiki/File:Calglauc.JPG
Callitris columellaris;callitris-columellaris-2.jpg;2;Mark Marathon;CC BY-SA 3.0;https://commons.wikimedia.org/wiki/File:Cagla_habit.jpg
Callitris columellaris;callitris-columellaris-3.jpg;3;Bidgee;CC BY-SA 2.5 au;https://commons.wikimedia.org/wiki/File:Callitris_glaucophylla_on_the_eastern_slope_of_Rocky_Hill.jpg
Cananga odorata;cananga-odorata-1.jpg;1;Steve Fitzgerald;CC BY-SA 4.0;https://commons.wikimedia.org/wiki/File:Cananga_odorata_var._fruticosa_SF26087-01.jpg
Cananga odorata;cananga-odorata-2.jpg;2;Vinayaraj;CC BY-SA 3.0;https://commons.wikimedia.org/wiki/File:Cananga_odorata_01.JPG
Cassia fistula;cassia-fistula-1.jpg;1;Judgefloro;CC BY-SA 4.0;https://commons.wikimedia.org/wiki/File:Jf753Cassia_fistula_Nueva_Ecijafvf.JPG
Cassia fistula;cassia-fistula-2.jpg;2;Adityamadhav83;CC BY-SA 3.0;https://commons.wikimedia.org/wiki/File:(Cassia_fistula)_flowers_at_IG_Zoo_park_03.jpg
Cassia fistula;cassia-fistula-3.jpg;3;Shagil Kannur;CC BY-SA 4.0;https://commons.wikimedia.org/wiki/File:Golden_flower_in_kerala01.jpg
Cedrela odorata;cedrela-odorata-1.jpg;1;Forest and Kim Starr;CC BY 3.0 us;https://commons.wikimedia.org/wiki/File:Starr-030807-0051-Cedrela_odorata-habit-Hana_Hwy-Maui_(24010749744).jpg
Cedrela odorata;cedrela-odorata-2.jpg;2;Guillermo Carlos Gómez;CC BY-SA 4.0;https://commons.wikimedia.org/wiki/File:%C3%81rbol_de_cedro_en_el_Puesto_de_Control_Huampal_-_PNYC_33.jpg
Ceiba speciosa;ceiba-speciosa-1.jpg;1;No machine-readable author provided. Pablo-flores assumed (based on copyright cl;CC BY-SA 2.5;https://commons.wikimedia.org/wiki/File:Ceiba_speciosa_1.jpg
Ceiba speciosa;ceiba-speciosa-2.jpg;2;Ludvig14;CC BY-SA 4.0;https://commons.wikimedia.org/wiki/File:Baku_PrimorskyBoulevard_CeibaSpeciosa_004_2094.jpg
Ceiba speciosa;ceiba-speciosa-3.jpg;3;小石川人晃;CC BY-SA 4.0;https://commons.wikimedia.org/wiki/File:Ceiba_speciosa_leaves_at_Mito_Botanical_Gardens_in_Ibaraki_Prefecture_01.jpg
Chlorophytum comosum;chlorophytum-comosum-1.jpg;1;Juan Carlos Fonseca Mata;CC BY-SA 4.0;https://commons.wikimedia.org/wiki/File:Malamadre_(Chlorophytum_comosum).jpg
Chlorophytum comosum;chlorophytum-comosum-2.jpg;2;Tony Rebelo;CC BY-SA 4.0;https://commons.wikimedia.org/wiki/File:Chlorophytum_comosum_eastern_cape.jpg
Chlorophytum comosum;chlorophytum-comosum-3.jpg;3;Juan Carlos Fonseca Mata;CC BY-SA 4.0;https://commons.wikimedia.org/wiki/File:Chlorophytum_comosum,_flores.jpg
Citrus × sinensis;citrus-x-sinensis-1.jpg;1;Luis Fernández García;CC BY-SA 2.5 es;https://commons.wikimedia.org/wiki/File:Citrus-sinensis-fruto.jpg
Citrus × sinensis;citrus-x-sinensis-2.jpg;2;Dmddo;CC0;https://commons.wikimedia.org/wiki/File:%EC%98%A4%EB%A0%8C%EC%A7%80%EB%82%98%EB%AC%B4.jpg
Citrus × sinensis;citrus-x-sinensis-3.jpg;3;Syrio;CC BY-SA 4.0;https://commons.wikimedia.org/wiki/File:Citrus_sinensis_Lucca_03.jpg
Cocos nucifera;cocos-nucifera-1.jpg;1;Anoopan at Malayalam Wikipedia;CC BY 3.0;https://commons.wikimedia.org/wiki/File:Coconut_Tree.JPG
Cocos nucifera;cocos-nucifera-2.jpg;2;Challiyan;CC BY 3.0;https://commons.wikimedia.org/wiki/File:Coconut_trees_along_salty_inland_water.jpg
Coffea arabica;coffea-arabica-1.jpg;1;Kızıldeniz;CC BY-SA 4.0;https://commons.wikimedia.org/wiki/File:Coffea_arabica_3.jpg
Coffea arabica;coffea-arabica-2.jpg;2;Nativeplants garden;CC BY-SA 4.0;https://commons.wikimedia.org/wiki/File:Coffee_15.jpg
Delonix regia;delonix-regia-1.jpg;1;Averette;CC BY-SA 3.0;https://commons.wikimedia.org/wiki/File:Royal_Poinciana.jpg
Delonix regia;delonix-regia-2.jpg;2;Alejandro Bayer Tamayo from Armenia, Colombia;CC BY-SA 2.0;https://commons.wikimedia.org/wiki/File:Acacia_roja_-_Flamboy%C3%A1n_(Delonix_regia)_(14278616575).jpg
Delonix regia;delonix-regia-3.jpg;3;Svnavare;CC BY-SA 4.0;https://commons.wikimedia.org/wiki/File:Hanging_pods_of_Gulmohar.jpg
Dracaena fragrans;dracaena-fragrans-1.jpg;1;Jerzy Opioła;CC BY-SA 4.0;https://commons.wikimedia.org/wiki/File:Dracaena_fragrans_a1.jpg
Dracaena fragrans;dracaena-fragrans-2.jpg;2;H. Zell;CC BY-SA 3.0;https://commons.wikimedia.org/wiki/File:Dracaena_fragrans_-_Jard%C3%ADn_Bot%C3%A1nico_Canario_Viera_y_Clavijo_-_Gran_Canaria.jpg
Dracaena fragrans;dracaena-fragrans-3.jpg;3;Louise Wolff --darina 00:18, 7 May 2005 (UTC);CC BY-SA 3.0;https://commons.wikimedia.org/wiki/File:Colpfl26.jpg
Dypsis lutescens;dypsis-lutescens-1.jpg;1;KENPEI;CC BY-SA 3.0;https://commons.wikimedia.org/wiki/File:Dypsis_lutescens1.jpg
Dypsis lutescens;dypsis-lutescens-2.jpg;2;Filo gèn';CC BY-SA 4.0;https://commons.wikimedia.org/wiki/File:Dypsis_lutescens_(Arecaceae)_01.jpg
Eriobotrya japonica;eriobotrya-japonica-1.jpg;1;Illusive255;CC BY-SA 3.0;https://commons.wikimedia.org/wiki/File:Louqat255.jpg
Eriobotrya japonica;eriobotrya-japonica-2.jpg;2;Jean-Pol GRANDMONT;CC BY 3.0;https://commons.wikimedia.org/wiki/File:Eriobotrya_japonica_JPG1b.jpg
Eriobotrya japonica;eriobotrya-japonica-3.jpg;3;Infrogmation of New Orleans;CC BY 2.0;https://commons.wikimedia.org/wiki/File:Loquat_Tree_-_young_tree_in_back_yard_bearing_fruit.jpg
Erythrina smithiana;erythrina-smithiana-1.jpg;1;Horacio Cambeiro;CC BY-SA 3.0;https://commons.wikimedia.org/wiki/File:Flor_de_Ceibo.jpg
Erythrina smithiana;erythrina-smithiana-2.jpg;2;Calistemon;CC BY-SA 4.0;https://commons.wikimedia.org/wiki/File:Coral_tree_(Erythrina)_Anstey_Swamp,_Rockingham_Lakes_Regional_Park,_June_2021_04.jpg
Erythrina smithiana;erythrina-smithiana-3.jpg;3;Pedro Teixeira 1806;CC BY-SA 4.0;https://commons.wikimedia.org/wiki/File:Copa_florida_de_Erythrina_Falcata_(Corticeira-da-Serra)_01.jpg
Erythrina variegata;erythrina-variegata-1.jpg;1;Nativeplants garden;CC BY-SA 4.0;https://commons.wikimedia.org/wiki/File:Erythrina_variegata_2.jpg
Erythrina variegata;erythrina-variegata-2.jpg;2;Yu-Ju Chang;CC BY-SA 4.0;https://commons.wikimedia.org/wiki/File:Kinmen_Erythrina_variegata.jpg
Erythrina variegata;erythrina-variegata-3.jpg;3;David E Mead;CC0;https://commons.wikimedia.org/wiki/File:Indian_coral_tree_(Erythrina_variegata)_Buton_Island.jpg
Eucalyptus cinerea;eucalyptus-cinerea-1.jpg;1;Forest and Kim Starr;CC BY 3.0 us;https://commons.wikimedia.org/wiki/File:Starr-110331-4613-Eucalyptus_cinerea-leaves-Shibuya_Farm_Kula-Maui_(24455129333).jpg
Eucalyptus cinerea;eucalyptus-cinerea-2.jpg;2;Forest and Kim Starr;CC BY 3.0 us;https://commons.wikimedia.org/wiki/File:Starr-110609-6075-Eucalyptus_cinerea-leaves-Shibuya_Farm_Kula-Maui_(24729008899).jpg
Eucalyptus globulus;eucalyptus-globulus-1.jpg;1;Alexkom000;CC BY 4.0;https://commons.wikimedia.org/wiki/File:2026-01-10_Flower_buds_of_Eucalyptus_globulus.jpg
Eucalyptus globulus;eucalyptus-globulus-2.jpg;2;John Tann from Sydney, Australia;CC BY 2.0;https://commons.wikimedia.org/wiki/File:Gippsland_Blue_Gum_(6280838477).jpg
Euphorbia tirucalli;euphorbia-tirucalli-1.jpg;1;Agnieszka Kwiecień, Nova;CC BY-SA 4.0;https://commons.wikimedia.org/wiki/File:Euphorbia_tirucalli_Wilczomlecz_2024-02-29_Graz_02.jpg
Euphorbia tirucalli;euphorbia-tirucalli-2.jpg;2;Agnieszka Kwiecień, Nova;CC BY-SA 4.0;https://commons.wikimedia.org/wiki/File:Euphorbia_tirucalli_Wilczomlecz_2024-02-29_Graz_01.jpg
Euphorbia tirucalli;euphorbia-tirucalli-3.jpg;3;Photo by and (c)2006 Derek Ramsey (Ram-Man). Location credit to the Chanticleer;CC BY-SA 3.0;https://commons.wikimedia.org/wiki/File:Euphorbia_tirucalli_%27Sticks_on_Fire%27_Closeup_3264px.jpg
Euphorbia umbellata;euphorbia-umbellata-1.jpg;1;Forest & Kim Starr;CC BY 3.0;https://commons.wikimedia.org/wiki/File:Starr_070111-3335_Synadenium_grantii.jpg
Euphorbia umbellata;euphorbia-umbellata-2.jpg;2;Forest and Kim Starr;CC BY 3.0 us;https://commons.wikimedia.org/wiki/File:Starr-160324-0625-Synadenium_grantii-flowers_fruit-Kihei-Maui_(26350496444).jpg
Euphorbia umbellata;euphorbia-umbellata-3.jpg;3;Vengolis;CC BY-SA 3.0;https://commons.wikimedia.org/wiki/File:Euphorbia_umbellata_7.jpg
Ficus benjamina;ficus-benjamina-1.jpg;1;KENPEI;CC BY-SA 3.0;https://commons.wikimedia.org/wiki/File:Ficus_benjamina2.jpg
Ficus benjamina;ficus-benjamina-2.jpg;2;John Robert McPherson;CC BY-SA 4.0;https://commons.wikimedia.org/wiki/File:Ficus_benjamina_lithophyte,_Platform_6,_Central_Station_Brisbane_100_1710.jpg
Ficus benjamina 'Variegata';ficus-benjamina-variegata-1.jpg;1;Sogellizer;CC BY-SA 4.0;https://commons.wikimedia.org/wiki/File:Daun_Gondang_-_Kondang_(Ficus_variegata).jpg
Ficus benjamina 'Variegata';ficus-benjamina-variegata-2.jpg;2;Krzysztof Ziarnek, Kenraiz;CC BY-SA 4.0;https://commons.wikimedia.org/wiki/File:Ficus_benjamina_%27Variegata%27_kz01.jpg
Ficus benjamina 'Variegata';ficus-benjamina-variegata-3.jpg;3;Tangopaso;Public domain;https://commons.wikimedia.org/wiki/File:Ficus_benjamina_variegata_in_pot_D130210.jpg
Ficus carica;ficus-carica-1.jpg;1;Silverije;CC BY-SA 4.0;https://commons.wikimedia.org/wiki/File:Smokve_na_grani.jpg
Ficus carica;ficus-carica-2.jpg;2;Anastasiia Merkulova;CC BY 4.0;https://commons.wikimedia.org/wiki/File:Ficus_carica_446978732.jpg
Ficus insipida;ficus-insipida-1.jpg;1;Titha62;CC BY-SA 4.0;https://commons.wikimedia.org/wiki/File:%C3%81rbol_de_Oj%C3%A9_(Ficus_insipida),_reconocido_como_%C3%A1rbol_patrimonial_de_la_provincia_de_Moyobamba_10.jpg
Ficus insipida;ficus-insipida-2.jpg;2;Titha62;CC BY-SA 4.0;https://commons.wikimedia.org/wiki/File:%C3%81rbol_de_Oj%C3%A9_(Ficus_insipida),_reconocido_como_%C3%A1rbol_patrimonial_de_la_provincia_de_Moyobamba_18.jpg
Fraxinus uhdei;fraxinus-uhdei-1.jpg;1;Forest & Kim Starr;CC BY 3.0;https://commons.wikimedia.org/wiki/File:Starr_030405-0112_Fraxinus_uhdei.jpg
Fraxinus uhdei;fraxinus-uhdei-2.jpg;2;Forest & Kim Starr;CC BY 3.0;https://commons.wikimedia.org/wiki/File:Starr_071024-0285_Fraxinus_uhdei.jpg
Ginkgo biloba;ginkgo-biloba-1.jpg;1;Emőke Dénes;CC BY-SA 4.0;https://commons.wikimedia.org/wiki/File:Ginkgo_biloba_-_14.jpg
Ginkgo biloba;ginkgo-biloba-2.jpg;2;清水五月;CC BY-SA 3.0;https://commons.wikimedia.org/wiki/File:Lushan_Botanical_Garden-Ginkgo_Tree_02.JPG
Handroanthus chrysanthus;handroanthus-chrysanthus-1.jpg;1;Ministerio de Turismo Ecuador from Ecuador;CC BY-SA 2.0;https://commons.wikimedia.org/wiki/File:El_Florecimiento_de_los_Guayacanes_-_Lunes_27_(12175901704).jpg
Handroanthus chrysanthus;handroanthus-chrysanthus-2.jpg;2;Kalzakath;CC BY-SA 4.0;https://commons.wikimedia.org/wiki/File:Lapacho_amarillo.jpg
Handroanthus chrysanthus;handroanthus-chrysanthus-3.jpg;3;Umsankwongc;CC BY-SA 4.0;https://commons.wikimedia.org/wiki/File:HK_%E4%B8%8A%E7%92%B0_Sheung_Wan_%E8%A3%95%E6%9E%97%E8%87%BA_U_Lam_Terrace_tree_%E9%BB%83%E9%87%91%E9%A2%A8%E9%88%B4%E6%9C%A8_Tabebuia_chrysantha_October_2017_IX1_09.jpg
Handroanthus chrysanthus;handroanthus-chrysanthus-4.jpg;4;Alejandro Bayer Tamayo from Armenia, Colombia;CC BY-SA 2.0;https://commons.wikimedia.org/wiki/File:Guayac%C3%A1n_amarillo_(Tabebuia_chrysantha)_(14720418676).jpg
Handroanthus impetiginosus;handroanthus-impetiginosus-1.jpg;1;Giles Laurent;CC BY-SA 4.0;https://commons.wikimedia.org/wiki/File:055_Pink_Ip%C3%AA_tree_in_Mato_Grosso_Photo_by_Giles_Laurent.jpg
Handroanthus impetiginosus;handroanthus-impetiginosus-2.jpg;2;© 2006 Carla Antonini;CC BY-SA 2.5 ar;https://commons.wikimedia.org/wiki/File:Tabebuia_impetiginosa_h%C3%A1bito_2.jpeg
Handroanthus impetiginosus;handroanthus-impetiginosus-3.jpg;3;No machine-readable author provided. Ilosuna assumed (based on copyright claims);CC BY-SA 3.0;https://commons.wikimedia.org/wiki/File:Tabebuia_avellanedae.jpg
Hibiscus rosa-sinensis;hibiscus-rosa-sinensis-1.jpg;1;Andy / Andrew Fogg from near Cambridge, UK;CC BY 2.0;https://commons.wikimedia.org/wiki/File:Hibiscus_Brilliant.jpg
Hibiscus rosa-sinensis;hibiscus-rosa-sinensis-2.jpg;2;Dinkun Chen;CC BY-SA 4.0;https://commons.wikimedia.org/wiki/File:Hibiscus_rosa-sinensis_(127).jpg
Hibiscus rosa-sinensis;hibiscus-rosa-sinensis-3.jpg;3;Syrio;CC BY-SA 4.0;https://commons.wikimedia.org/wiki/File:Hibiscus_rosa-sinensis_plant_1.jpg
Hibiscus tiliaceus;hibiscus-tiliaceus-1.jpg;1;Vincenzo defifoot;CC BY-SA 3.0;https://commons.wikimedia.org/wiki/File:Fleur_de_p%C5%ABrau_(hibiscus_tiliaceus).jpg
Hibiscus tiliaceus;hibiscus-tiliaceus-2.jpg;2;Steve Fitzgerald;CC BY-SA 4.0;https://commons.wikimedia.org/wiki/File:Hibiscus-tiliaceus-SF25232-03.jpg
Hura crepitans;hura-crepitans-1.jpg;1;Hans Hillewaert;CC BY-SA 3.0;https://commons.wikimedia.org/wiki/File:Hura_crepitans_(fruit).jpg
Hura crepitans;hura-crepitans-2.jpg;2;Bärbel Miemietz;CC BY-SA 4.0;https://commons.wikimedia.org/wiki/File:2023-06-17_Hura_crepitans_04.jpg
Hyophorbe lagenicaulis;hyophorbe-lagenicaulis-1.jpg;1;Berthold Werner;Public domain;https://commons.wikimedia.org/wiki/File:Hyophorbe_lagenicaulis_BW.JPG
Hyophorbe lagenicaulis;hyophorbe-lagenicaulis-2.jpg;2;Krzysztof Ziarnek, Kenraiz;CC BY-SA 4.0;https://commons.wikimedia.org/wiki/File:Hyophorbe_lagenicaulis_kz01.jpg
Inga feuilleei;inga-feuilleei-1.jpg;1;Drew Avery;CC BY 2.0;https://commons.wikimedia.org/wiki/File:Pacay_(Inga_feuillei).jpg
Inga feuilleei;inga-feuilleei-2.jpg;2;Forest & Kim Starr;CC BY 3.0;https://commons.wikimedia.org/wiki/File:Starr_070328-6186_Inga_feuillei.jpg
Inga feuilleei;inga-feuilleei-3.jpg;3;Forest and Kim Starr;CC BY 3.0 us;https://commons.wikimedia.org/wiki/File:Starr-130429-4293-Inga_feuillei-fruit-Makawao-Maui_(25092200002).jpg
Jacaranda mimosifolia;jacaranda-mimosifolia-1.jpg;1;Kahuroa;Public domain;https://commons.wikimedia.org/wiki/File:Jacaranda1212.jpg
Jacaranda mimosifolia;jacaranda-mimosifolia-2.jpg;2;Anna Anichkova;CC BY-SA 3.0;https://commons.wikimedia.org/wiki/File:Jacaranda_mimosifolia_3994.jpg
Jacaranda mimosifolia;jacaranda-mimosifolia-3.jpg;3;Anna Anichkova;CC BY-SA 3.0;https://commons.wikimedia.org/wiki/File:Jacaranda_mimosifolia_5327.jpg
Jarava ichu;jarava-ichu-1.jpg;1;Daderot;Public domain;https://commons.wikimedia.org/wiki/File:Stipa_gynerioides_-_University_of_California_Botanical_Garden_-_DSC08959.JPG
Jarava ichu;jarava-ichu-2.jpg;2;Stickpen;Public domain;https://commons.wikimedia.org/wiki/File:Stipagyneroides.jpg
Khaya senegalensis;khaya-senegalensis-1.jpg;1;ForestGump1;CC BY-SA 4.0;https://commons.wikimedia.org/wiki/File:Khaya_Senegalensis_ou_Ca%C3%AFlc%C3%A9drat_en_fran%C3%A7ais_et_%C2%AB_Khay_%C2%BB_en_Wolof_01.jpg
Khaya senegalensis;khaya-senegalensis-2.jpg;2;Wiki Farazi;CC0;https://commons.wikimedia.org/wiki/File:Khaya_senegalensis_at_Taman_Rekreasi_Taman_Sutera,_Kajang_20230708_165940.jpg
Laurus nobilis;laurus-nobilis-1.jpg;1;Agnieszka Kwiecień, Nova;CC BY-SA 4.0;https://commons.wikimedia.org/wiki/File:Laurus_nobilis_Wawrzyn_szlachetny_2019-05-26_02.jpg
Laurus nobilis;laurus-nobilis-2.jpg;2;Agnieszka Kwiecień, Nova;CC BY-SA 4.0;https://commons.wikimedia.org/wiki/File:Laurus_nobilis_Wawrzyn_szlachetny_2019-05-26_01.jpg
Leea guineensis;leea-guineensis-1.jpg;1;Photo by David J. Stang;CC BY-SA 4.0;https://commons.wikimedia.org/wiki/File:Leea_guineensis_11zz.jpg
Leea guineensis;leea-guineensis-2.jpg;2;Forest & Kim Starr;CC BY 3.0;https://commons.wikimedia.org/wiki/File:Starr_080117-2003_Leea_guineensis.jpg
Leea guineensis;leea-guineensis-3.jpg;3;Ping an Chang;CC BY-SA 4.0;https://commons.wikimedia.org/wiki/File:%E7%81%AB%E7%AD%92%E6%A8%B9_Leea_guineensis_20190817122035_09.jpg
Livistona chinensis;livistona-chinensis-1.jpg;1;Agnieszka Kwiecień, Nova;CC BY-SA 4.0;https://commons.wikimedia.org/wiki/File:Livistona_chinensis_Liwistona_chi%C5%84ska_2024-01-20_Malaga_01.jpg
Livistona chinensis;livistona-chinensis-2.jpg;2;Agnieszka Kwiecień, Nova;CC BY-SA 4.0;https://commons.wikimedia.org/wiki/File:Livistona_chinensis_Liwistona_chi%C5%84ska_2024-01-20_Malaga_04.jpg
Mangifera indica;mangifera-indica-1.jpg;1;Amar;CC BY-SA 3.0;https://commons.wikimedia.org/wiki/File:Mango_blossoms.jpg
Mangifera indica;mangifera-indica-2.jpg;2;Anish nellickal;CC BY-SA 4.0;https://commons.wikimedia.org/wiki/File:%E0%B4%AE%E0%B4%BE%E0%B4%B5%E0%B5%8D_8z_.jpg
Mangifera indica;mangifera-indica-3.jpg;3;W.A. Djatmiko (Wie146);CC BY-SA 3.0;https://commons.wikimedia.org/wiki/File:Mangga_indramayu_071007-0327_rwg.jpg
Matthiola incana;matthiola-incana-1.jpg;1;Robert Flogaus-Faust;CC BY 4.0;https://commons.wikimedia.org/wiki/File:Matthiola_incana_RF.jpg
Matthiola incana;matthiola-incana-2.jpg;2;Meneerke bloem;CC BY-SA 3.0;https://commons.wikimedia.org/wiki/File:Matthiola_incana01.jpg
Melaleuca alternifolia;melaleuca-alternifolia-1.jpg;1;Geoff Derrin;CC BY-SA 4.0;https://commons.wikimedia.org/wiki/File:Melaleuca_alternifolia_flowers.jpg
Melaleuca alternifolia;melaleuca-alternifolia-2.jpg;2;Tangopaso;Public domain;https://commons.wikimedia.org/wiki/File:Melaleuca_alternifolia_(Maria_Serena).jpg
Melaleuca alternifolia;melaleuca-alternifolia-3.jpg;3;Raffi Kojian;CC BY-SA 3.0;https://commons.wikimedia.org/wiki/File:Gardenology.org-IMG_2664_rbgs11jan.jpg
Melaleuca viminalis;melaleuca-viminalis-1.jpg;1;Forest and Kim Starr;CC BY 3.0 us;https://commons.wikimedia.org/wiki/File:Starr-090806-4072-Callistemon_viminalis-little_john_flowers_and_leaves-Kahului-Maui_(24878546941).jpg
Melaleuca viminalis;melaleuca-viminalis-2.jpg;2;Photo by David J. Stang;CC BY-SA 4.0;https://commons.wikimedia.org/wiki/File:Melaleuca_viminalis_0zz.jpg
Myoporum laetum;myoporum-laetum-1.jpg;1;Júlio Reis;CC BY-SA 3.0;https://commons.wikimedia.org/wiki/File:Myoporum_laetum.jpg
Myoporum laetum;myoporum-laetum-2.jpg;2;Krzysztof Ziarnek, Kenraiz;CC BY-SA 4.0;https://commons.wikimedia.org/wiki/File:Myoporum_laetum_kz03.jpg
Myoporum laetum;myoporum-laetum-3.jpg;3;Krzysztof Ziarnek, Kenraiz;CC BY-SA 4.0;https://commons.wikimedia.org/wiki/File:Myoporum_laetum_kz13.jpg
Nerium oleander;nerium-oleander-1.jpg;1;Alvesgaspar;CC BY 2.5;https://commons.wikimedia.org/wiki/File:Nerium_oleander_flowers_leaves.jpg
Nerium oleander;nerium-oleander-2.jpg;2;;CC BY 2.5;https://commons.wikimedia.org/wiki/File:Nerium_oleander_Ouarzazate_wild1.jpg
Nerium oleander;nerium-oleander-3.jpg;3;Joaquim Alves Gaspar;CC BY 2.5;https://commons.wikimedia.org/wiki/File:Purity.jpg
Parkinsonia praecox;parkinsonia-praecox-1.jpg;1;Arianza1;CC BY-SA 3.0;https://commons.wikimedia.org/wiki/File:Brea.JPG
Parkinsonia praecox;parkinsonia-praecox-2.jpg;2;Krzysztof Ziarnek, Kenraiz;CC BY-SA 4.0;https://commons.wikimedia.org/wiki/File:Parkinsonia_praecox_kz02.jpg
Persea americana;persea-americana-1.jpg;1;B.navez;CC BY-SA 3.0;https://commons.wikimedia.org/wiki/File:Persea_americana_fruit_2.JPG
Persea americana;persea-americana-2.jpg;2;Forest & Kim Starr;CC BY 3.0;https://commons.wikimedia.org/wiki/File:Starr_060928-0513_Persea_americana.jpg
Persea americana;persea-americana-3.jpg;3;Vitaium;CC BY-SA 4.0;https://commons.wikimedia.org/wiki/File:Green_avocado_foliage_(Persea_americana).jpg
Phoenix canariensis;phoenix-canariensis-1.jpg;1;Matti Blume;CC BY-SA 4.0;https://commons.wikimedia.org/wiki/File:Orangerieschloss,_Potsdam_(SPSG2277).jpg
Phoenix canariensis;phoenix-canariensis-2.jpg;2;H. Zell;CC BY-SA 3.0;https://commons.wikimedia.org/wiki/File:Phoenix_canariensis_003.jpg
Phoenix canariensis;phoenix-canariensis-3.jpg;3;Kahuroa;Public domain;https://commons.wikimedia.org/wiki/File:Phoenix_canariensis_AK.jpg
Phoenix roebelenii;phoenix-roebelenii-1.jpg;1;Forest & Kim Starr;CC BY 3.0;https://commons.wikimedia.org/wiki/File:Starr_070124-3839_Phoenix_roebelenii.jpg
Phoenix roebelenii;phoenix-roebelenii-2.jpg;2;Krzysztof Ziarnek, Kenraiz;CC BY-SA 4.0;https://commons.wikimedia.org/wiki/File:Phoenix_roebelenii_kz01.jpg
Phytolacca dioica;phytolacca-dioica-1.jpg;1;en:User:Geographer of the english Wikipedia;CC BY 1.0;https://commons.wikimedia.org/wiki/File:Phytolacca_dioica.jpg
Phytolacca dioica;phytolacca-dioica-2.jpg;2;Juan Emilio Prades Bel;CC BY-SA 4.0;https://commons.wikimedia.org/wiki/File:Phytolacca_dioica,_el_omb%C3%BA_o_bellasombra.jpg
Phytolacca dioica;phytolacca-dioica-3.jpg;3;Krzysztof Ziarnek, Kenraiz;CC BY-SA 4.0;https://commons.wikimedia.org/wiki/File:Phytolacca_dioica_kz01.jpg
Piper aduncum;piper-aduncum-1.jpg;1;Forest & Kim Starr;CC BY 3.0;https://commons.wikimedia.org/wiki/File:Starr_020913-0019_Piper_aduncum.jpg
Piper aduncum;piper-aduncum-2.jpg;2;Forest & Kim Starr;CC BY 3.0;https://commons.wikimedia.org/wiki/File:Starr_021122-0061_Piper_aduncum.jpg
Plumeria obtusa;plumeria-obtusa-1.jpg;1;SlowPhoton;CC BY-SA 4.0;https://commons.wikimedia.org/wiki/File:Plumeria_obtusa_in_Bangalore,_India.jpg
Plumeria obtusa;plumeria-obtusa-2.jpg;2;Subhrajyoti07;CC BY-SA 4.0;https://commons.wikimedia.org/wiki/File:Plumeria_obtusa_or_the_Singapore_graveyard_flower_(Image_1_of_2)_in_Jamshedpur,_India.jpg
Plumeria obtusa;plumeria-obtusa-3.jpg;3;Avsolov;CC BY-SA 4.0;https://commons.wikimedia.org/wiki/File:Plumeria_near_the_Intercession_church_in_Pattaya.jpg
Plumeria rubra;plumeria-rubra-1.jpg;1;Vengolis;CC BY-SA 4.0;https://commons.wikimedia.org/wiki/File:Plumeria_rubra_2852.jpg
Plumeria rubra;plumeria-rubra-2.jpg;2;Zachi Evenor and MathKnight;CC BY 2.0;https://commons.wikimedia.org/wiki/File:Plumeria-wiki-Zachi-Evenor-001a.jpg
Plumeria rubra;plumeria-rubra-3.jpg;3;Gul Kiyani;CC BY 3.0;https://commons.wikimedia.org/wiki/File:Champa_tree_with_pink_flowers_in_Islamabad,_Pakistan.jpg
Podocarpus macrophyllus;podocarpus-macrophyllus-1.jpg;1;Greg Hume;CC BY-SA 3.0;https://commons.wikimedia.org/wiki/File:Podocarpus_macrophyllus.jpg
Podocarpus macrophyllus;podocarpus-macrophyllus-2.jpg;2;萌偵探小熊;CC BY-SA 4.0;https://commons.wikimedia.org/wiki/File:%E6%B2%88%E5%AE%9A%E4%B8%80%E6%89%8B%E6%A4%8D%E7%BD%97%E6%B1%89%E6%9D%BE_01.jpg
Polyscias guilfoylei;polyscias-guilfoylei-1.jpg;1;Scot Nelson;CC0;https://commons.wikimedia.org/wiki/File:DSC08086_bacterial_leaf_blight_of_panax_(5832823407).jpg
Populus alba;populus-alba-1.jpg;1;Димитър Найденов / Dimìtar Nàydenov;CC BY-SA 4.0;https://commons.wikimedia.org/wiki/File:%D0%91%D1%8F%D0%BB%D0%B0_%D1%82%D0%BE%D0%BF%D0%BE%D0%BB%D0%B0,_%D0%BA%D0%BB%D0%BE%D0%BD%D0%BA%D0%B0.jpg
Populus alba;populus-alba-2.jpg;2;Łukasz Tkaczyk;CC BY-SA 4.0;https://commons.wikimedia.org/wiki/File:Atlas_roslin_pl_Topola_bia%C5%82a_10458_7635.jpg
Populus alba;populus-alba-3.jpg;3;Stefan.lefnaer;CC BY-SA 3.0;https://commons.wikimedia.org/wiki/File:Populus_alba_sl3.jpg
Prosopis pallida;prosopis-pallida-1.jpg;1;Euyasik;CC BY-SA 3.0;https://commons.wikimedia.org/wiki/File:Tucume-Bosque.jpg
Prosopis pallida;prosopis-pallida-2.jpg;2;Forest & Kim Starr;CC BY 3.0;https://commons.wikimedia.org/wiki/File:Starr_080529-4593_Prosopis_pallida.jpg
Prunus serrulata;prunus-serrulata-1.jpg;1;Joanna Boisse;CC BY-SA 4.0;https://commons.wikimedia.org/wiki/File:Atlas_roslin_pl_Wi%C5%9Bnia_pi%C5%82kowana_11172_7690.jpg
Prunus serrulata;prunus-serrulata-2.jpg;2;Agnes Monkelbaan;CC BY-SA 4.0;https://commons.wikimedia.org/wiki/File:Hortus_Haren_(Groningen)_20-04-2025._(actm.)_11.jpg
Prunus serrulata;prunus-serrulata-3.jpg;3;GioRan;CC BY-SA 4.0;https://commons.wikimedia.org/wiki/File:Ciliegio_giapponese_22023-03-24.jpg
Psidium guajava;psidium-guajava-1.jpg;1;Fuadsyazwan (talk);Public domain;https://commons.wikimedia.org/wiki/File:Apple_Guava.jpg
Psidium guajava;psidium-guajava-2.jpg;2;Chirocca77;CC0;https://commons.wikimedia.org/wiki/File:Fleur_de_goyavier.jpg
Psidium guajava;psidium-guajava-3.jpg;3;Chirocca77;CC0;https://commons.wikimedia.org/wiki/File:Feuilles_de_goyavier_et_fruits_en_formation.jpg
Quillaja saponaria;quillaja-saponaria-1.jpg;1;CARLOS SALGADO MELLA;CC BY-SA 3.0;https://commons.wikimedia.org/wiki/File:Quillay_arbol_nativo_Chileno_en_flor_-_panoramio.jpg
Quillaja saponaria;quillaja-saponaria-2.jpg;2;FracGuyGD;CC BY-SA 4.0;https://commons.wikimedia.org/wiki/File:Quillaja_saponaira_leaves_1_-_FracGuy.jpg
Quillaja saponaria;quillaja-saponaria-3.jpg;3;penarc;CC BY-SA 3.0;https://commons.wikimedia.org/wiki/File:Quillaja_saponaria12.JPG
Randia aculeata;randia-aculeata-1.jpg;1;Krzysztof Ziarnek, Kenraiz;CC BY-SA 4.0;https://commons.wikimedia.org/wiki/File:Randia_aculeata_kz02.jpg
Randia aculeata;randia-aculeata-2.jpg;2;Krzysztof Ziarnek, Kenraiz;CC BY-SA 4.0;https://commons.wikimedia.org/wiki/File:Randia_aculeata_kz01.jpg
Randia aculeata;randia-aculeata-3.jpg;3;Krzysztof Ziarnek, Kenraiz;CC BY-SA 4.0;https://commons.wikimedia.org/wiki/File:Randia_aculeata_kz08.jpg
Ravenea rivularis;ravenea-rivularis-1.jpg;1;C T Johansson;CC BY-SA 3.0;https://commons.wikimedia.org/wiki/File:Ravenea_rivularis-IMG_0468.jpg
Ravenea rivularis;ravenea-rivularis-2.jpg;2;Glpinagelpinagel;CC BY-SA 4.0;https://commons.wikimedia.org/wiki/File:Ravenea_rivularis_as_a_houseplant.jpg
Retrophyllum rospigliosii;retrophyllum-rospigliosii-1.jpg;1;Krzysztof Ziarnek, Kenraiz;CC BY-SA 4.0;https://commons.wikimedia.org/wiki/File:Retrophyllum_rospigliosii_kz4.jpg
Retrophyllum rospigliosii;retrophyllum-rospigliosii-2.jpg;2;Alejandro Bayer Tamayo from Armenia, Colombia;CC BY-SA 2.0;https://commons.wikimedia.org/wiki/File:Pino_colombiano_-_Pino_romer%C3%B3n_-_Shakiro_(Retrophyllum_rospigliosii)_(14516685420).jpg
Retrophyllum rospigliosii;retrophyllum-rospigliosii-3.jpg;3;Alejandro Bayer Tamayo from Armenia, Colombia;CC BY-SA 2.0;https://commons.wikimedia.org/wiki/File:Pino_colombiano_-_Pino_romer%C3%B3n_-_Shakiro_(Retrophyllum_rospigliosii)_(14099959227).jpg
Robinia pseudoacacia;robinia-pseudoacacia-1.jpg;1;Yasuo Hamashima;CC BY-SA 4.0;https://commons.wikimedia.org/wiki/File:Hypsipetes_amaurotis_Eating_flower_20240504-_YAS2616-2.jpg
Robinia pseudoacacia;robinia-pseudoacacia-2.jpg;2;Annabell Hormann / korina.info;CC BY-SA 4.0;https://commons.wikimedia.org/wiki/File:Korina_2011-05-20_Robinia_pseudoacacia_3.jpg
Robinia pseudoacacia;robinia-pseudoacacia-3.jpg;3;This Photo was taken by Wolfgang Moroder. Feel free to use my photos, but please;CC BY-SA 3.0;https://commons.wikimedia.org/wiki/File:Villn%C3%B6%C3%9F_Robinie_beim_Mantinghof_Pardell.jpg
Roystonea regia;roystonea-regia-1.jpg;1;Michielderoo;CC BY-SA 3.0;https://commons.wikimedia.org/wiki/File:Koningspalm-cuba.JPG
Roystonea regia;roystonea-regia-2.jpg;2;Ángel M. Felicísimo from Mérida, España;CC BY-SA 2.0;https://commons.wikimedia.org/wiki/File:Roystonea_regia,_Marab%C3%BA,_Cuba_(4190728838).jpg
Sabal palmetto;sabal-palmetto-1.jpg;1;Mmcknight4;Public domain;https://commons.wikimedia.org/wiki/File:Spalmetto2.JPG
Sabal palmetto;sabal-palmetto-2.jpg;2;Mmcknight4;Public domain;https://commons.wikimedia.org/wiki/File:Spalmetto.JPG
Schefflera arboricola;schefflera-arboricola-1.jpg;1;JMK;CC BY-SA 3.0;https://commons.wikimedia.org/wiki/File:Schefflera_arboricola,_vrugte,_a,_Pretoria.jpg
Schefflera arboricola;schefflera-arboricola-2.jpg;2;P,TO 19104;CC BY-SA 4.0;https://commons.wikimedia.org/wiki/File:Schefflera_arboricola_(domesticated)_in_Florida.jpg
Schefflera arboricola;schefflera-arboricola-3.jpg;3;Slyronit;CC BY-SA 4.0;https://commons.wikimedia.org/wiki/File:Dwarf_Umbrella_Tree_in_a_ceramic_pot.jpg
Schinus molle;schinus-molle-1.jpg;1;Charles Gadbois;CC BY 3.0;https://commons.wikimedia.org/wiki/File:Arequipa_-_Canyon_de_Colca_123_Schinus_molle_1.JPG
Schinus molle;schinus-molle-2.jpg;2;Philmarin;CC BY-SA 4.0;https://commons.wikimedia.org/wiki/File:(ALB)_S._molle-fruit-1.jpg
Schinus molle;schinus-molle-3.jpg;3;Juan Carlos Fonseca Mata;CC BY-SA 4.0;https://commons.wikimedia.org/wiki/File:Corteza_de_pirul_(Schinus_molle).jpg
Stenocarpus sinuatus;stenocarpus-sinuatus-1.jpg;1;Steve Fitzgerald;CC BY-SA 4.0;https://commons.wikimedia.org/wiki/File:Stenocarpus-sinuatus-SF24353-01.jpg
Stenocarpus sinuatus;stenocarpus-sinuatus-2.jpg;2;JMK;CC BY-SA 4.0;https://commons.wikimedia.org/wiki/File:Stenocarpus_sinuatus,_skerms,_Manie_van_der_Schijff_BT,_c.jpg
Syagrus romanzoffiana;syagrus-romanzoffiana-1.jpg;1;Forest & Kim Starr;CC BY 3.0;https://commons.wikimedia.org/wiki/File:Starr_020617-0019_Syagrus_romanzoffiana.jpg
Syagrus romanzoffiana;syagrus-romanzoffiana-2.jpg;2;Rafael;CC BY-SA 4.0;https://commons.wikimedia.org/wiki/File:Syagrus_romanzoffiana_-_Rafael_-_477433519.jpeg
Tabebuia roseoalba;tabebuia-roseoalba-1.jpg;1;H. Zell;CC BY-SA 3.0;https://commons.wikimedia.org/wiki/File:Tabebuia_roseo-alba_002.jpg
Tabebuia roseoalba;tabebuia-roseoalba-2.jpg;2;Maria Aparecida de Lourdes Mariano;CC BY-SA 4.0;https://commons.wikimedia.org/wiki/File:Ip%C3%AA_branco_da_UFSCar_Campus_Sorocaba_2.jpg
Tecoma stans;tecoma-stans-1.jpg;1;M108t;CC BY 4.0;https://commons.wikimedia.org/wiki/File:Flower_of_Tecoma_stans_in_Ishigaki,_Okinawa.jpg
Tecoma stans;tecoma-stans-2.jpg;2;Filo gèn';CC BY-SA 4.0;https://commons.wikimedia.org/wiki/File:Tecoma_stans_(Bignoniaceae)_02.jpg
Tecoma stans;tecoma-stans-3.jpg;3;Md. Siddiq Hasan;CC BY-SA 4.0;https://commons.wikimedia.org/wiki/File:Tecoma_stans_(L.)_Griseb.jpg
Thrinax radiata;thrinax-radiata-1.jpg;1;KATHERINE WAGNER-REISS;CC BY-SA 4.0;https://commons.wikimedia.org/wiki/File:Thrinax_radiata_Photo_by_Katherine_Wagner-Reiss_MD_02.jpg
Thrinax radiata;thrinax-radiata-2.jpg;2;Ezra Katz;CC BY-SA 4.0;https://commons.wikimedia.org/wiki/File:Florida-Thatch-Palm-Thrinax_radiata-FL-Big-Pine-Key-Leaf-Detail-bottom.jpg
Thrinax radiata;thrinax-radiata-3.jpg;3;Ezra Katz;CC BY-SA 4.0;https://commons.wikimedia.org/wiki/File:Florida-Thatch-Palm-Thrinax_radiata-FL-Big-Pine-Key-Leaf-Detail-top.jpg
Tipuana tipu;tipuana-tipu-1.jpg;1;BêS;CC BY-SA 3.0;https://commons.wikimedia.org/wiki/File:Tipuana_na_Rua_Marselha_-_panoramio.jpg
Tipuana tipu;tipuana-tipu-2.jpg;2;Ariesaada;CC BY-SA 4.0;https://commons.wikimedia.org/wiki/File:%D7%9E%D7%9B%D7%A0%D7%A3_%D7%A0%D7%90%D7%94_%D7%A2%D7%9C%D7%94_%D7%9E%D7%A0%D7%95%D7%A6%D7%94_%D7%91%D7%9C%D7%AA%D7%99_%D7%96%D7%95%D7%92%D7%99_%D7%95%D7%A4%D7%A8%D7%99.jpg
Vachellia farnesiana;vachellia-farnesiana-1.jpg;1;Judgefloro;Public domain;https://commons.wikimedia.org/wiki/File:0731jfRiver_Aroma_farnesiana_Tortugas_Rivas_Balanga_City_Bataanfvf_08.JPG
Vachellia farnesiana;vachellia-farnesiana-2.jpg;2;Zeynel Cebeci;CC BY-SA 4.0;https://commons.wikimedia.org/wiki/File:Acacia_farnesiana,_Adana_2017-07-12_01-1.jpg
Vachellia farnesiana;vachellia-farnesiana-3.jpg;3;John Robert McPherson;CC BY-SA 4.0;https://commons.wikimedia.org/wiki/File:Vachellia_farnesiana_Burke_River_floodplain_Boulia_Queensland_P1060584.jpg
Vachellia horrida;vachellia-horrida-1.jpg;1;Lalithamba from India;CC BY 2.0;https://commons.wikimedia.org/wiki/File:Acacia_horrida_(L.f.)_Willd..jpg
Vachellia horrida;vachellia-horrida-2.jpg;2;Vinayaraj;CC BY-SA 4.0;https://commons.wikimedia.org/wiki/File:Acacia_horrida_-_Robber-thorn_Tree_at_Theni_(2).jpg
Washingtonia robusta;washingtonia-robusta-1.jpg;1;alan_rockefeller;CC BY 4.0;https://commons.wikimedia.org/wiki/File:2017-01-06_Washingtonia_robusta,_Sierra_La_Laguna,_Baja_California_Sur,_Mexico_1.jpg
Washingtonia robusta;washingtonia-robusta-2.jpg;2;Uvtarex;CC0;https://commons.wikimedia.org/wiki/File:Washingtonia_robusta_(Tenerife).jpg
Washingtonia robusta;washingtonia-robusta-3.jpg;3;rbelshee;CC0;https://commons.wikimedia.org/wiki/File:2023-03-29_Washingtonia_robusta,_Catavi%C3%B1a,_Ensenada,_Baja_California,_Mexico.jpg
