nombre_en_catastro,nombre_cientifico
Acacia stenophylla,Acacia stenophylla
Adansonia digitata,Adansonia digitata
Adonidia merrillii,Adonidia merrillii
Agave americana,Agave americana
Bismarckia nobilis,Bismarckia nobilis
Bougainvillea glabra,Bougainvillea glabra
Brachychiton populneus,Brachychiton populneus
Brunfelsia australis,Brunfelsia australis
Butia capitata,Butia capitata
Byrsonima crassifolia,Byrsonima crassifolia
Caesalpinia gilliesii,Caesalpinia gilliesii
Caesalpinia spinosa (Molina) Kuntze,Caesalpinia spinosa
Calliandra carbonaria,Calliandra carbonaria
Callistemon viminalis,Callistemon viminalis
Callitris columellaris,Callitris columellaris
Cananga odorata,Cananga odorata
Cassia fistula,Cassia fistula
Cedrela odorata,Cedrela odorata
Ceiba speciosa,Ceiba speciosa
Chlorophytum comosum,Chlorophytum comosum
Citrus x sinensis,Citrus × sinensis
Cocos nucifera,Cocos nucifera
Coffea arabica,Coffea arabica
Delonix regia,Delonix regia
Dracaena fragrans,Dracaena fragrans
Dypsis lutescens,Dypsis lutescens
Eriobotrya japonica,Eriobotrya japonica
Erythrina smithiana Krukoff,Erythrina smithiana
Erythrina variegata,Erythrina variegata
Eucalyptus cinerea,Eucalyptus cinerea
Eucalyptus globulus,Eucalyptus globulus
Euphorbia tirucalli,Euphorbia tirucalli
Euphorbia umbellata,Euphorbia umbellata
Ficus benjamina L.,Ficus benjamina
Ficus benjamina Variegata,Ficus benjamina 'Variegata'
Ficus benjamina ‘Variegata’,Ficus benjamina 'Variegata'
Ficus carica,Ficus carica
Ficus insipida,Ficus insipida
Fraxinus uhdei,Fraxinus uhdei
Ginkgo biloba,Ginkgo biloba
Handroanthus chrysanthus,Handroanthus chrysanthus
Handroanthus impetiginosus,Handroanthus impetiginosus
Hibiscus rosa-sinensis,Hibiscus rosa-sinensis
Hibiscus tiliaceus,Hibiscus tiliaceus
Hura crepitans,Hura crepitans
Hyophorbe lagenicaulis,Hyophorbe lagenicaulis
Inga feuilleei,Inga feuilleei
Jacaranda mimosifolia.,Jacaranda mimosifolia
Jarava ichu,Jarava ichu
Khaya senegalensis,Khaya senegalensis
Laurus nobilis.,Laurus nobilis
Leea guineensis,Leea guineensis
Livistona chinensis,Livistona chinensis
Mangifera indica,Mangifera indica
Matthiola incana,Matthiola incana
Melaleuca alternifolia,Melaleuca alternifolia
Melaleuca viminalis,Melaleuca viminalis
Myoporum laetum,Myoporum laetum
Nerium oleander,Nerium oleander
Parkinsonia praecox,Parkinsonia praecox
Persea americana,Persea americana
Phoenix canariensis,Phoenix canariensis
Phoenix roebelenii,Phoenix roebelenii
Phytolacca dioica,Phytolacca dioica
Piper aduncum,Piper aduncum
Plumeria obtusa,Plumeria obtusa
Plumeria rubra,Plumeria rubra
Podocarpus macrophyllus,Podocarpus macrophyllus
Polyscias guilfoylei,Polyscias guilfoylei
Populus alba,Populus alba
Prosopis pallida,Prosopis pallida
Prunus serrulata,Prunus serrulata
Psidium guajava,Psidium guajava
Quillaja saponaria,Quillaja saponaria
Randia aculeata,Randia aculeata
Ravenea rivularis,Ravenea rivularis
Retrophyllum rospigliosii,Retrophyllum rospigliosii
Robinia pseudoacacia,Robinia pseudoacacia
Roystonea regia,Roystonea regia
Sabal palmetto,Sabal palmetto
Schefflera arboricola,Schefflera arboricola
Schinus molle,Schinus molle
Stenocarpus sinuatus,Stenocarpus sinuatus
Syagrus romanzoffiana,Syagrus romanzoffiana
Tabebuia roseoalba,Tabebuia roseoalba
Tecoma stans,Tecoma stans
Thrinax radiata,Thrinax radiata
Tipuana tipu,Tipuana tipu
Vachellia farnesiana,Vachellia farnesiana
Vachellia horrida,Vachellia horrida
Washingtonia robusta,Washingtonia robusta
