grupo,latitud,longitud
Mecánica,-12.0721530,-77.0808370
Mecánica,-12.0721990,-77.0808380
Mecánica,-12.0722370,-77.0808350
Mecánica,-12.0722450,-77.0808620
Mecánica,-12.0722680,-77.0808780
Mecánica,-12.0722740,-77.0808650
Mecánica,-12.0722800,-77.0808190
Mecánica,-12.0723300,-77.0808180
Mecánica,-12.0723290,-77.0808310
Mecánica,-12.0723510,-77.0808300
Mecánica,-12.0723930,-77.0808710
Mecánica,-12.0723970,-77.0809380
Mecánica,-12.0724140,-77.0808440
Mecánica,-12.0724140,-77.0808180
Mecánica,-12.0724260,-77.0807850
Mecánica,-12.0724620,-77.0807880
Mecánica,-12.0721640,-77.0808330
Mecánica,-12.0721960,-77.0806920
Mecánica,-12.0721900,-77.0807170
Mecánica,-12.0721950,-77.0807070
Mecánica,-12.0722510,-77.0807130
Mecánica,-12.0722120,-77.0808010
Mecánica,-12.0722490,-77.0808060
Mecánica,-12.0722640,-77.0807140
Mecánica,-12.0723300,-77.0807410
Mecánica,-12.0723310,-77.0807360
Mecánica,-12.0723610,-77.0807390
Mecánica,-12.0723220,-77.0806690
Mecánica,-12.0723980,-77.0807180
Mecánica,-12.0723800,-77.0806980
Mecánica,-12.0724030,-77.0806910
Mecánica,-12.0724270,-77.0806980
Mecánica,-12.0724490,-77.0806730
Mecánica,-12.0723030,-77.0807320
Biblioteca Central,-12.0693860,-77.0803820
Biblioteca Central,-12.0694030,-77.0803870
Biblioteca Central,-12.0694130,-77.0803900
Biblioteca Central,-12.0694030,-77.0803640
Biblioteca Central,-12.0693850,-77.0803430
Biblioteca Central,-12.0693800,-77.0803390
Biblioteca Central,-12.0693250,-77.0802180
Biblioteca Central,-12.0693200,-77.0802110
Biblioteca Central,-12.0693160,-77.0802050
Biblioteca Central,-12.0693150,-77.0801810
Biblioteca Central,-12.0693270,-77.0801550
Biblioteca Central,-12.0693200,-77.0801550
Biblioteca Central,-12.0693670,-77.0801000
Biblioteca Central,-12.0693560,-77.0801290
Biblioteca Central,-12.0693550,-77.0801230
Biblioteca Central,-12.0693540,-77.0801230
Biblioteca Central,-12.0693610,-77.0801410
Biblioteca Central,-12.0692930,-77.0801110
Biblioteca Central,-12.0693070,-77.0800920
Biblioteca Central,-12.0693130,-77.0800860
Biblioteca Central,-12.0693090,-77.0800690
Biblioteca Central,-12.0693060,-77.0800660
Biblioteca Central,-12.0692970,-77.0800540
Biblioteca Central,-12.0692900,-77.0800400
Biblioteca Central,-12.0692890,-77.0800320
Arqueología,-12.0673880,-77.0808250
Arqueología,-12.0673380,-77.0808310
Arqueología,-12.0673440,-77.0808370
Arqueología,-12.0673460,-77.0808390
Arqueología,-12.0673510,-77.0808550
Arqueología,-12.0673450,-77.0808680
Arqueología,-12.0673450,-77.0808710
Arqueología,-12.0673440,-77.0808910
Arqueología,-12.0673430,-77.0808980
Arqueología,-12.0673420,-77.0809070
Arqueología,-12.0673430,-77.0809130
Arqueología,-12.0673370,-77.0809510
Arqueología,-12.0673390,-77.0810160
Arqueología,-12.0673380,-77.0810920
Arqueología,-12.0673410,-77.0811050
Arqueología,-12.0673410,-77.0811170
Arqueología,-12.0673440,-77.0811330
Arqueología,-12.0673500,-77.0811410
