codigo,categoria,nombre,latitud,longitud,codigo_padre,nota
REF-0001,E.E.G.G,Estudios Generales Letras,-12.0675311,-77.0799653,,
REF-0002,Facultades,Facultad de Física PUCP,-12.0716464,-77.0803517,,
REF-0003,Biblioteca,Biblioteca Central PUCP,-12.0691038,-77.0802206,,
REF-0004,Facultades,Facultad de Gestión y Alta Dirección - PUCP,-12.0695084,-77.0808131,,
REF-0005,Facultades,Facultad de Derecho de la Pontificia Universidad Católica del Perú,-12.0698875,-77.0806746,,
REF-0006,Pabellones y Unidades académicas,PABELLÓN K (Sec. Mecatrónica PUCP),-12.0728901,-77.0827753,,
REF-0007,Deporte,Coliseo Polideportivo - PUCP,-12.0665870,-77.0801604,,
REF-0008,Facultades,"Facultad de Gastronomía, Hotelería y Turismo PUCP",-12.0706532,-77.0815877,,
REF-0009,Facultades,Facultad de Psicología PUCP,-12.0681495,-77.0805411,,
REF-0010,Entrada,Entrada principal,-12.0687330,-77.0782710,,"Corregida: la original estaba a 1,8 km del campus; toma el punto de «Puerta principal»"
REF-0011,Facultades,Facultad de Ciencias y Artes de la Comunicación - PUCP,-12.0685734,-77.0804758,,
REF-0012,Facultades,Facultad de Arquitectura y Urbanismo PUCP,-12.0714671,-77.0808379,,
REF-0013,E.E.G.G,Auditorio de Estudios Generales Letras PUCP,-12.0677183,-77.0805556,,
REF-0014,Piso,Especialidad de Trabajo Social PUCP,-12.0675254,-77.0799571,,
REF-0015,Estacionamiento,Estacionamiento L. (PUCP),-12.0684104,-77.0814253,,
REF-0016,Biblioteca,"Sala de Usos Múltiples, Biblioteca Central PUCP (1er piso)",-12.0687704,-77.0803805,,
REF-0017,Laboratorio,Centro de Caracterización de Materiales (CAM-PUCP),-12.0726731,-77.0827821,,
REF-0018,Piso,Departamento Académico de Ciencias Sociales PUCP,-12.0708192,-77.0802729,,
REF-0019,Centros / Institutos,GRUPO PUCP,-12.0731356,-77.0811523,,
REF-0020,Biblioteca,Banco de Libros PUCP,-12.0719482,-77.0823048,,
REF-0021,Servicios PUCP,WWJ9+5XJ Centro de Asesoría Pastoral Universitaria,-12.0695455,-77.0801523,,
REF-0022,Centros / Institutos,PULSO PUCP,-12.0675907,-77.0810663,,
REF-0023,Centros / Institutos,Instituto de Docencia Universitaria (IDU)-PUCP,-12.0702984,-77.0803824,,
REF-0024,Pabellones y Unidades académicas,Pabellón O - PUCP,-12.0727192,-77.0824777,,
REF-0025,Estacionamiento,Estacionamiento de bicicletas Estudios Generales Letras - PUCP,-12.0671732,-77.0802617,,
REF-0026,Piso,Departamento de Comunicaciones PUCP,-12.0683854,-77.0805512,,
REF-0027,Piso,Departamento de Arquitectura - PUCP,-12.0718010,-77.0806101,,
REF-0028,Oficinas,Dirección de Tecnologías de Información - PUCP,-12.0704603,-77.0804395,,
REF-0029,Auditorio,Auditorio de Física de la PUCP,-12.0716077,-77.0803665,,
REF-0030,Piso,Departamento de Economía,-12.0703409,-77.0803651,,
REF-0031,Auditorio,Auditorio de Humanidades,-12.0682691,-77.0801475,,
REF-0032,Entrada,Puerta N.° 7 - Riva Agüero - PUCP,-12.0696320,-77.0819674,,
REF-0033,Pabellones y Unidades académicas,Pabellón V,-12.0730915,-77.0819435,,
REF-0034,Auditorio,Auditorio de Derecho,-12.0699936,-77.0811528,,
REF-0035,Centros / Institutos,INFOPUCP,-12.0702965,-77.0803606,,
REF-0036,Estacionamiento,Estacionamiento K. (PUCP),-12.0709496,-77.0822123,,
REF-0037,Estacionamiento,Estacionamiento M. (PUCP),-12.0669366,-77.0808535,,
REF-0038,Pabellones y Unidades académicas,Pabellón Z,-12.0691374,-77.0810388,,
REF-0039,Edificio,Aulas Móviles PUCP,-12.0718620,-77.0822211,,
REF-0040,Estacionamiento,Estacionamiento J. (PUCP),-12.0719404,-77.0818216,,
REF-0041,E.E.G.G,Centro Federado de Estudios Generales Letras,-12.0677554,-77.0801786,,
REF-0042,Centros / Institutos,Instituto de Radioastronomía - PUCP,-12.0654672,-77.0815838,,
REF-0043,Oficinas,Oficina de Transformación Digital PUCP,-12.0664054,-77.0810660,,
REF-0044,Centros / Institutos,CIGA - PUCP,-12.0674889,-77.0808853,,
REF-0045,Laboratorio,Estudio de TV 2,-12.0683440,-77.0809318,,
REF-0046,Organizaciones estudiantiles,Tuna PUCP,-12.0663680,-77.0806939,,
REF-0047,Organizaciones estudiantiles,Caseta de Coro PUCP,-12.0678570,-77.0811144,,
REF-0048,Deporte,Coliseo Polideportivo,-12.0665794,-77.0801595,,
REF-0049,Organizaciones estudiantiles,Federación de Estudiantes de la PUCP,-12.0663796,-77.0810568,,
REF-0050,Laboratorio,Laboratorios de Arqueología PUCP,-12.0678252,-77.0809340,,
REF-0051,Comedor,Comedor Central,-12.0704600,-77.0814541,,
REF-0052,Centros / Institutos,CITEmateriales PUCP,-12.0724186,-77.0812316,,
REF-0053,Organizaciones estudiantiles,SEDIPRO PUCP,-12.0715135,-77.0804328,,
REF-0054,Área verde,Rotángono - Patio de CCSS,-12.0707196,-77.0802897,,
REF-0055,Piso,Sección Ingeniería Mecánica,-12.0724573,-77.0811210,,
REF-0056,Piso,Sección Psicología,-12.0681964,-77.0805684,,
REF-0057,Laboratorio,Laboratorio de Polímeros y Bionanomateriales - PUCP,-12.0721246,-77.0810525,,
REF-0058,Centros / Institutos,"Centro de Investigación, Capacitación y Asesoría Jurídica (CICAJ)",-12.0713095,-77.0803179,,
REF-0059,Piso,Departamento de Ciencias,-12.0708720,-77.0812487,,
REF-0060,Área verde,Pastitos de Arqui,-12.0712973,-77.0810099,,
REF-0061,Laboratorio,Laboratorio de Energía,-12.0725275,-77.0811984,,
REF-0062,Centros / Institutos,"CISEPA - Centro de Investigaciones Sociológicas, Económicas, Políticas y Antropológicas",-12.0713095,-77.0803182,,
REF-0063,Área verde,Rotonda Letras,-12.0675370,-77.0802042,,
REF-0064,Piso,Departamento Académico de Derecho,-12.0713095,-77.0803179,,
REF-0065,Camino,Camino Inca,-12.0729415,-77.0807429,,
REF-0066,Externo,Parque Las Palmeras,-12.0708604,-77.0817462,,
REF-0067,Centros / Institutos,INGESOLD,-12.0723502,-77.0810377,,
REF-0068,Servicios PUCP,Tinkuy,-12.0682250,-77.0793383,,
REF-0069,Estacionamiento,Estacionamiento D. (PUCP),-12.0721694,-77.0787481,,
REF-0070,Externo,Plazoleta del CEPREPUCP,-12.0728328,-77.0787857,,
REF-0071,Servicios PUCP,CAPU PUCP,-12.0695514,-77.0800842,,
REF-0072,Servicios PUCP,Educación Continua PUCP,-12.0685011,-77.0786756,,
REF-0073,Cafetería,Juan Valdez - PUCP,-12.0686270,-77.0795732,,
REF-0074,Biblioteca,Librería PUCP,-12.0685775,-77.0795195,,
REF-0075,Centros / Institutos,Centro Preuniversitario de la Pontificia Universidad Católica del Perú,-12.0728148,-77.0788410,,
REF-0076,Facultades,Facultad de Arte y Diseño - PUCP,-12.0668304,-77.0794135,,
REF-0077,Facultades,Facultad de Educación,-12.0676430,-77.0791949,,
REF-0078,Facultades,Facultad de Artes Escénicas - PUCP,-12.0656115,-77.0785239,,
REF-0079,Estacionamiento,Estacionamiento de bicicletas Estudios Generales Ciencias - PUCP,-12.0706809,-77.0793227,,
REF-0080,E.E.G.G,Plaza de Estudios Generales Ciencias,-12.0713198,-77.0789252,,
REF-0081,Centros / Institutos,Centro de Innovación y Desarrollo Emprendedor,-12.0706600,-77.0789229,,
REF-0082,Piso,Especialidad de Grabado PUCP,-12.0670020,-77.0787129,,
REF-0083,Estudio,Mesas de estudio PUCP,-12.0704802,-77.0795316,,
REF-0084,Facultades,Facultad de Educación,-12.0675948,-77.0793629,,
REF-0085,Centros / Institutos,Centros de Investigaciones y Servicios Educativos - PUCP,-12.0683484,-77.0791163,,
REF-0086,Servicios PUCP,BBVA - Pontificia Universidad Católica,-12.0685000,-77.0792540,,
REF-0087,Facultades,Escuela de Gobierno y Políticas Públicas PUCP,-12.0684614,-77.0787735,,
REF-0088,Cafetería,Charlotte - PUCP,-12.0686353,-77.0789016,,
REF-0089,Entrada,Campus PUCP,-12.0686326,-77.0796279,,
REF-0090,Oficinas,Oficina de Becas,-12.0697519,-77.0796157,,
REF-0091,Oficinas,Asociación de Egresados y Graduados PUCP,-12.0684352,-77.0791318,,
REF-0092,Área verde,Jardín Central PUCP,-12.0690590,-77.0789309,,
REF-0093,Servicios PUCP,MiCampus PUCP,-12.0680439,-77.0795888,,
REF-0094,Deporte,Gimnasio PUCP,-12.0660685,-77.0796557,,
REF-0095,Salud,Tópico - Servicio de Salud,-12.0663995,-77.0803623,,
REF-0096,Deporte,Cancha de Fútbol de la PUCP,-12.0652285,-77.0792906,,
REF-0097,Oficinas,Oficina de Seguros PUCP,-12.0699415,-77.0790304,,
REF-0098,Área verde,Vivero PUCP,-12.0672575,-77.0789858,,
REF-0099,Piso,Departamento Académico de Ciencias Contables PUCP,-12.0711080,-77.0789154,,
REF-0100,Oficinas,Dirección de Asuntos Estudiantiles,-12.0696557,-77.0794707,,
REF-0101,Laboratorio,LEEX-PUCP Aulas Informáticas de Educación,-12.0678866,-77.0794348,,
REF-0102,Laboratorio,Labcert PUCP,-12.0677966,-77.0786791,,
REF-0103,Servicios PUCP,Sala Cuna PUCP,-12.0678668,-77.0788396,,
REF-0104,Piso,Departamento Académico de Arte y Diseño,-12.0702341,-77.0787200,,
REF-0105,Oficinas,Dirección Académica de Planeamiento y Evaluación - DAPE,-12.0697359,-77.0790227,,
REF-0106,Salud,Servicio de Salud,-12.0697993,-77.0793851,,
REF-0107,Comedor,Comedor de Arte,-12.0703674,-77.0795819,,
REF-0108,Oficinas,Dirección Académica del Profesorado PUCP,-12.0696670,-77.0791827,,
REF-0109,Oficinas,Oficina de Apoyo y Promoción Social,-12.0695426,-77.0793827,,
REF-0110,Salud,Oficina de Bienestar Psicológico,-12.0697441,-77.0792264,,
REF-0111,Edificio,Edificio Dintilhac,-12.0697281,-77.0796392,,
REF-0112,Oficinas,DARS - Dirección Académica de Responsabilidad Social,-12.0698706,-77.0791057,,
REF-0113,Servicios PUCP,Ludoteca PUCP,-12.0680894,-77.0794371,,
REF-0114,Edificio,Complejo Dintilhac,-12.0696349,-77.0793214,,
REF-0115,Centros / Institutos,Apoyo Rural,-12.0730130,-77.0813120,,
REF-0116,Deporte,Área Deportes,-12.0662328,-77.0796945,,
REF-0117,Laboratorio,Arqueología,-12.0676740,-77.0811480,,
REF-0118,Facultades,Arquitectura,-12.0718431,-77.0811480,,
REF-0119,Edificio,Arte Antiguo,-12.0703639,-77.0796673,,
REF-0120,Facultades,Arte Nuevo,-12.0670844,-77.0784420,,
REF-0121,Facultades,Arte y Diseño,-12.0670618,-77.0782991,,
REF-0122,Piso,Azotea EEGGLL,-12.0674273,-77.0801637,,
REF-0123,Área verde,Cactario,-12.0722711,-77.0785480,,
REF-0124,Oficinas,CCSS,-12.0711009,-77.0801945,,
REF-0125,Oficinas,Centenario,-12.0709364,-77.0803449,,
REF-0126,Centros / Institutos,CEPREPUC,-12.0722793,-77.0785290,,
REF-0127,Edificio,CETAM,-12.0729937,-77.0826800,,
REF-0128,Piso,Ciencias contables,-12.0705084,-77.0786463,,
REF-0129,Comedor,Comedor Central,-12.0707370,-77.0813393,,
REF-0130,Comedor,Comedor de Letras,-12.0684956,-77.0800987,,
REF-0131,Facultades,Derecho,-12.0698512,-77.0813063,,
REF-0132,Edificio,Dinthilac,-12.0693309,-77.0794498,,
REF-0133,Servicios PUCP,DIODO,-12.0729491,-77.0816092,,
REF-0134,Facultades,Educación,-12.0674784,-77.0795069,,
REF-0135,E.E.G.G,EEGGLL (Estudios generales Letras),-12.0672189,-77.0800697,,
REF-0136,Estacionamiento,Estacionamiento,-12.0705889,-77.0821331,,
REF-0137,E.E.G.G,Estudios Generales Ciencias,-12.0707286,-77.0797269,,
REF-0138,Facultades,Fares,-12.0653506,-77.0783654,,
REF-0139,Facultades,Física,-12.0714684,-77.0801466,,
REF-0140,Cafetería,Gelarti,-12.0714834,-77.0797846,,
REF-0141,Patrimonio cultural,Huaca,-12.0671659,-77.0782121,,
REF-0142,Piso,Industrial,-12.0728709,-77.0822283,,
REF-0143,Facultades,ingenieria,-12.0712190,-77.0814870,,
REF-0144,Facultades,Ing CIVIL,-12.0715735,-77.0820326,,
REF-0145,Centros / Institutos,INRAS,-12.0655837,-77.0816835,,
REF-0146,Área verde,Jardin Central,-12.0691387,-77.0793834,,
REF-0147,Área verde,Jardin entrada principal,-12.0693851,-77.0784047,,
REF-0148,Área verde,Jardin Lateral McGregor,-12.0683587,-77.0783083,,
REF-0149,Facultades,Letras y Ciencias Humanas,-12.0696974,-77.0811887,,
REF-0150,Edificio,Mac Gregor,-12.0685197,-77.0790948,,
REF-0151,Piso,Matemáticas,-12.0709428,-77.0813081,,
REF-0152,Piso,Minas,-12.0720051,-77.0817079,,
REF-0153,Oficinas,OCAI,-12.0682890,-77.0780280,,
REF-0154,Pabellones y Unidades académicas,Pabellón Z,-12.0691185,-77.0809968,,
REF-0155,Estacionamiento,playa estacionamiento studio TV,-12.0682482,-77.0813595,,
REF-0156,Deporte,Polideportivo,-12.0669996,-77.0800762,,
REF-0157,Facultades,Psicología,-12.0681587,-77.0807740,,
REF-0158,Entrada,puerta principal.,-12.0688978,-77.0782829,,
REF-0159,Entrada,Puerta Rivaguero,-12.0695454,-77.0818514,,
REF-0160,Piso,Química,-12.0719197,-77.0796345,,
REF-0161,Entrada,Rivaguero,-12.0716139,-77.0826223,,
REF-0162,Servicios PUCP,Sala cuna,-12.0678723,-77.0787791,,
REF-0163,Salud,Servicio médico,-12.0699836,-77.0795169,,
REF-0164,Servicios PUCP,Tinkuy,-12.0681681,-77.0794690,,
REF-0165,Centros / Institutos,Cedares,-12.0689090,-77.0810940,,
REF-0166,Biblioteca,Biblioteca Central,-12.0691830,-77.0802010,,
REF-0167,Biblioteca,CIA,-12.0721300,-77.0801900,,
REF-0168,Biblioteca,Biblioteca de Teología,-12.0694300,-77.0805700,,
REF-0169,Cafetería,Juan valdez,-12.0686620,-77.0794960,,
REF-0170,Servicios PUCP,Oficina de hallazgos,-12.0678800,-77.0796330,,
REF-0171,Laboratorio,Estudio tv2,-12.0686960,-77.0813010,,
REF-0172,Piso,Mecánica,-12.0721529,-77.0808371,,
REF-0173,Oficinas,DAF,-12.0677600,-77.0781630,,
REF-0174,Área verde,Bosque Seco,-12.0679872,-77.0787747,,
REF-0175,Servicios PUCP,Punto de Acopio,-12.0735600,-77.0801600,,
REF-0176,Facultades,Gastronomía,-12.0682053,-77.0784413,,
REF-0177,Estacionamiento,Pista de Salud,-12.0663274,-77.0781324,,
REF-0178,Pabellones y Unidades académicas,Humanidades,-12.0679930,-77.0797489,,
REF-0179,Patrimonio cultural,Huaca 64,-12.0671320,-77.0782830,,
REF-0180,Área verde,Bosque húmedo,-12.0734000,-77.0805100,,
REF-0181,Servicios PUCP,CAPU,-12.0695500,-77.0801900,,
REF-0182,Área verde,Vivero,-12.0672500,-77.0789900,,
REF-0183,Edificio,Edificio Administrativo,-12.0678200,-77.0784600,,
REF-0184,Laboratorio,Laboratorios,-12.0726000,-77.0802400,,
REF-0185,Oficinas,DAES,-12.0696300,-77.0796100,,
REF-0186,Pabellones y Unidades académicas,Aulario,-12.0726500,-77.0795800,,
REF-0187,Oficinas,Becas,-12.0697600,-77.0795900,,
REF-0188,Restaurante,El puesto,-12.0715200,-77.0793200,,
REF-0189,Estacionamiento,Estacionamiento de Arte Nuevo,-12.0670200,-77.0781350,,
REF-0190,Deporte,Explanada del Polideportivo,-12.0670170,-77.0796190,,
REF-0191,Deporte,Explanada del Polideportivo,-12.0663570,-77.0796870,,
REF-0192,Deporte,Polideportivo,-12.0662150,-77.0799650,,
REF-0193,Deporte,Polideportivo (frente a Letras),-12.0670940,-77.0804610,,
REF-0194,Deporte,Polideportivo - puerta oeste,-12.0665770,-77.0804230,,
REF-0195,Deporte,Losas deportivas,-12.0658430,-77.0803990,,
REF-0196,Deporte,Afuera de la cancha de frontón,-12.0658940,-77.0804760,,
REF-0197,Deporte,Dentro de la cancha de frontón,-12.0657620,-77.0805090,,
REF-0198,Deporte,En la cancha al costado del frontón,-12.0655590,-77.0805290,,
REF-0199,Deporte,Cancha de voley - campos deportivos,-12.0657130,-77.0797270,,
REF-0200,Deporte,Cancha 2 - campos deportivos,-12.0659320,-77.0794780,,
REF-0201,Deporte,Cancha 1 - campos deportivos,-12.0656070,-77.0793920,,
REF-0202,Deporte,Al costado de la cancha 1,-12.0658220,-77.0788840,,
REF-0203,Facultades,FARES,-12.0653900,-77.0786480,,
REF-0204,Facultades,FARES,-12.0653740,-77.0786460,,
REF-0205,Facultades,FARES,-12.0650090,-77.0785740,,
REF-0206,Estacionamiento,Estacionamiento de Arte Nuevo,-12.0666090,-77.0781140,,
REF-0207,Facultades,Arte Nuevo,-12.0669250,-77.0786620,,
REF-0208,Facultades,Arte Nuevo,-12.0667120,-77.0788040,,
REF-0209,Facultades,Arte Nuevo,-12.0666960,-77.0790850,,
REF-0210,Facultades,Arte Nuevo,-12.0667400,-77.0792740,,
REF-0211,Facultades,Arte Nuevo,-12.0667170,-77.0794710,,
REF-0212,Facultades,Arte Nuevo,-12.0669280,-77.0793150,,
REF-0213,Piso,Quiosco de Arte Antiguo,-12.0662690,-77.0793970,,
REF-0214,Centros / Institutos,INRAS,-12.0655850,-77.0815650,,
REF-0215,Centros / Institutos,INRAS,-12.0657460,-77.0816970,,
REF-0216,Estacionamiento,Estacionamiento Espacios culturales - atrás de polideportivo,-12.0665180,-77.0807120,,
REF-0217,Piso,Kiosco de Letras,-12.0672100,-77.0809690,,
REF-0218,Edificio,Aulas móviles B,-12.0671940,-77.0815600,,
REF-0219,Edificio,Dentro de aulas móviles B,-12.0673170,-77.0815640,,
REF-0220,Estacionamiento,"Estacionamiento L, fentre a Studio Tv",-12.0683650,-77.0816130,,
REF-0221,E.E.G.G,Estudios letras y ciencias,-12.0695350,-77.0817570,,
REF-0222,Auditorio,Auditorio de Derecho,-12.0699900,-77.0813700,,
REF-0223,Pabellones y Unidades académicas,Pabellón H,-12.0695220,-77.0814510,,
REF-0224,Pabellones y Unidades académicas,Pabellón H,-12.0693290,-77.0812160,,
REF-0225,Facultades,Facultad de ciencias de la comunicacion,-12.0692660,-77.0807330,,
REF-0226,Entrada,Puerta 7 - Rivaguero,-12.0691210,-77.0813670,,
REF-0227,Facultades,Facultad de artes escénicas (antiguo) - cerca de estudio TV,-12.0687130,-77.0812310,,
REF-0228,Pabellones y Unidades académicas,Pabellón Z,-12.0689110,-77.0808690,,
REF-0229,Biblioteca,Biblioteca de teología,-12.0688790,-77.0803630,,
REF-0230,Biblioteca,Biblioteca de teología,-12.0692340,-77.0805130,,
REF-0231,Facultades,Derecho,-12.0699070,-77.0808250,,
REF-0232,Pabellones y Unidades académicas,Pabellón H,-12.0696890,-77.0810360,,
REF-0233,Área verde,Jardín de frutas,-12.0702570,-77.0800660,,
REF-0234,Salud,Servicio de salud,-12.0698280,-77.0797550,,
REF-0235,Biblioteca,Biblioteca al costado del capu,-12.0693080,-77.0801320,,
REF-0236,Área verde,Jardín central,-12.0690960,-77.0796930,,
REF-0237,Cafetería,Juan Valdez,-12.0686990,-77.0796540,,
REF-0238,Facultades,Facultad de psicología Pabellón S,-12.0684150,-77.0807600,,
REF-0239,Facultades,Psicología,-12.0681020,-77.0806670,,
REF-0240,Facultades,Psicología,-12.0679200,-77.0806770,,
REF-0241,Organizaciones estudiantiles,Al costado del coro de música,-12.0679420,-77.0812340,,
REF-0242,E.E.G.G,Letras,-12.0674540,-77.0806600,,
REF-0243,E.E.G.G,Letras,-12.0675910,-77.0806850,,
REF-0244,Pabellones y Unidades académicas,Humanidades,-12.0679370,-77.0803230,,
REF-0245,Facultades,Facultad de ciencias y artes de la comunicación,-12.0683570,-77.0804120,,
REF-0246,Comedor,Comedor de letras,-12.0683860,-77.0797970,,
REF-0247,Servicios PUCP,Tinkuy,-12.0683150,-77.0796870,,
REF-0248,Camino,Tontodromo – educación,-12.0672230,-77.0797160,,
REF-0249,Camino,Tontodromo – educación,-12.0677620,-77.0796850,,
REF-0250,Oficinas,Oficina de la daf,-12.0676600,-77.0781700,,
REF-0251,Facultades,Facultad de Educación,-12.0676430,-77.0792660,,
REF-0252,Edificio,MacGregor,-12.0684890,-77.0787210,,
REF-0253,Servicios PUCP,Tinkuy,-12.0682600,-77.0793040,,
REF-0254,Biblioteca,Entrada de la Biblioteca Central,-12.0691480,-77.0798390,,
REF-0255,Pabellones y Unidades académicas,Pabellón E,-12.0706050,-77.0798280,,
REF-0256,Pabellones y Unidades académicas,Pabellón E,-12.0711500,-77.0799100,,
REF-0257,Facultades,Frente a Gelarti - sociales,-12.0711790,-77.0801750,,
REF-0258,Facultades,Sociales,-12.0710840,-77.0801790,,
REF-0259,Biblioteca,Sociales,-12.0706200,-77.0803000,,
REF-0260,Comedor,Frente al comedor central,-12.0707610,-77.0807600,,
REF-0261,Comedor,Entrada de comedor central,-12.0702090,-77.0810320,,
REF-0262,Comedor,Comedor central - costado auditorio derecho,-12.0701790,-77.0810790,,
REF-0263,Facultades,Gastronomía,-12.0707230,-77.0820170,,
REF-0264,Entrada,Puerta 7 - Rivaguero,-12.0698610,-77.0819620,,
REF-0265,Patrimonio cultural,Finalización de la huaca en Rivaguero,-12.0721230,-77.0827130,,
REF-0266,Laboratorio,Laboratorio de Mecánica,-12.0719160,-77.0821660,,
REF-0267,Facultades,Espalda de civil,-12.0715830,-77.0822260,,
REF-0268,Facultades,Civil,-12.0717100,-77.0820090,,
REF-0269,Piso,Minas,-12.0720380,-77.0817660,,
REF-0270,Biblioteca,BCIA,-12.0724530,-77.0798800,,
REF-0271,Facultades,Entrada de física - frente a Gelarti,-12.0714850,-77.0800110,,
REF-0272,Facultades,Arquitectura frente a mecánica,-12.0720080,-77.0810130,,
REF-0273,Facultades,Civil frente a minas,-12.0719150,-77.0813550,,
REF-0274,Facultades,Sociales,-12.0704310,-77.0804110,,
REF-0275,Entrada,Puerta principal,-12.0687330,-77.0782710,,
REF-0276,Área verde,Jardín central,-12.0688800,-77.0786050,,
REF-0277,Edificio,Dinthilac,-12.0693680,-77.0789240,,
REF-0278,Oficinas,Frente a DARS,-12.0696430,-77.0785480,,
REF-0279,Estacionamiento,"Puerta principal, Estacionamiento B",-12.0695990,-77.0780660,,
REF-0280,Edificio,Arte antiguo,-12.0703470,-77.0787130,,
REF-0281,Edificio,Arte antiguo,-12.0703340,-77.0788430,,
REF-0282,Edificio,Arte antiguo,-12.0702670,-77.0790280,,
REF-0283,Oficinas,Tesoreria general,-12.0696250,-77.0796470,,
REF-0284,Comedor,Comedor de arte antiguo,-12.0704590,-77.0795010,,
REF-0285,Laboratorio,Frente a labortorio hidraulica,-12.0724680,-77.0802100,,
REF-0286,Pabellones y Unidades académicas,Pabellón V,-12.0728560,-77.0821290,,
REF-0287,Edificio,CETAM,-12.0727750,-77.0829340,,
REF-0288,Piso,Ingenieria de minas,-12.0733030,-77.0823360,,
REF-0289,Entrada,Puerta 6 Urubamba,-12.0733050,-77.0822600,,
REF-0290,Oficinas,Espalda de lmed,-12.0732570,-77.0812570,,
REF-0291,Pabellones y Unidades académicas,Aulario,-12.0729100,-77.0796800,,
REF-0292,Pabellones y Unidades académicas,Aulario,-12.0727730,-77.0793520,,
REF-0293,Facultades,Ciencias e ingeniería,-12.0722720,-77.0793330,,
REF-0294,Piso,Química,-12.0722410,-77.0791160,,
REF-0295,Centros / Institutos,Cepre PUCP,-12.0727700,-77.0788740,,
REF-0296,Centros / Institutos,Cepre PUCP,-12.0728310,-77.0789090,,
REF-0297,Estacionamiento,"Estacionamiento D, por cactario",-12.0720150,-77.0785800,,
REF-0298,Pabellones y Unidades académicas,Pabellón G,-12.0716530,-77.0789320,,
REF-0299,Pabellones y Unidades académicas,Espalda de gelarti costado del pabellón e estudio generales ciencias,-12.0714620,-77.0796760,,
REF-0300,Restaurante,Explanada del puesto,-12.0714610,-77.0793220,,
REF-0301,Pabellones y Unidades académicas,Pabellón G,-12.0714100,-77.0790770,,
REF-0302,Entrada,Puerta unión,-12.0713920,-77.0786220,,
REF-0303,E.E.G.G,EE.GG.CC,-12.0710690,-77.0791700,,
REF-0304,E.E.G.G,EE.GG.CC,-12.0708200,-77.0792410,,
REF-0305,Edificio,Frente a arte antiguo,-12.0707760,-77.0787430,,
REF-0306,Edificio,espalda de aulas moviles C,-12.0663050,-77.0810840,,
REF-0307,Deporte,Polideportivo,-12.0665300,-77.0798600,,
REF-0308,Servicios PUCP,Tinkuy,-12.0682450,-77.0795210,,
REF-0309,Comedor,Patio de comidas,-12.0681640,-77.0792150,,
REF-0310,Piso,segundo piso,-12.0692630,-77.0811830,REF-0224,Padre por cercanía: Pabellón H a 8 m
REF-0311,Piso,Tercer piso,-12.0691920,-77.0813030,REF-0371,Padre por cercanía: Pabellón H a 8 m
REF-0312,Piso,cuarto piso,-12.0691810,-77.0813470,REF-0371,Padre por cercanía: Pabellón H a 3 m
REF-0313,Edificio,Arte Antiguo,-12.0703530,-77.0792430,,
REF-0314,Camino,Pasadizo Arte antiguo,-12.0703030,-77.0787950,,
REF-0315,Piso,Primer piso,-12.0676000,-77.0804080,REF-0408,Padre por cercanía: Pabellón L a 28 m
REF-0316,Piso,Segundo piso,-12.0673400,-77.0803030,REF-0408,Padre por cercanía: Pabellón L a 33 m
REF-0317,Piso,segundo piso,-12.0674830,-77.0803110,REF-0408,Padre por cercanía: Pabellón L a 22 m
REF-0318,Piso,Segundo piso,-12.0677940,-77.0803450,REF-0244,Padre por cercanía: Humanidades a 16 m
REF-0319,Piso,Segundo piso,-12.0676860,-77.0800470,REF-0408,Padre por cercanía: Pabellón L a 15 m
REF-0320,Piso,Tercer piso,-12.0676860,-77.0800470,REF-0408,Padre por cercanía: Pabellón L a 15 m
REF-0321,Piso,Tercer piso,-12.0677520,-77.0803100,REF-0244,Padre por cercanía: Humanidades a 21 m; REVISAR: Pabellón L a 24 m
REF-0322,Piso,Tercer piso,-12.0673390,-77.0801550,REF-0408,Padre por cercanía: Pabellón L a 29 m
REF-0323,Piso,Primer piso,-12.0673410,-77.0801380,REF-0408,Padre por cercanía: Pabellón L a 29 m
REF-0324,Piso,Cuarto piso,-12.0675900,-77.0799100,REF-0408,Padre por cercanía: Pabellón L a 26 m
REF-0325,Piso,Cuarto piso,-12.0674000,-77.0800800,REF-0408,Padre por cercanía: Pabellón L a 23 m
REF-0326,Piso,Cuarto piso,-12.0676360,-77.0800400,REF-0408,Padre por cercanía: Pabellón L a 13 m
REF-0327,Piso,Cuarto piso,-12.0675900,-77.0799200,REF-0408,Padre por cercanía: Pabellón L a 25 m
REF-0328,Piso,Cuarto piso,-12.0673600,-77.0799100,REF-0408,Padre por cercanía: Pabellón L a 37 m
REF-0329,Piso,Cuarto piso,-12.0677330,-77.0800040,REF-0408,Padre por cercanía: Pabellón L a 22 m
REF-0330,Piso,Cuarto piso,-12.0677290,-77.0800310,REF-0408,Padre por cercanía: Pabellón L a 19 m
REF-0331,Piso,Cuarto piso,-12.0677400,-77.0801100,REF-0408,Padre por cercanía: Pabellón L a 16 m
REF-0332,Piso,Cuarto piso,-12.0677500,-77.0800900,REF-0408,Padre por cercanía: Pabellón L a 18 m
REF-0333,Piso,primer piso,-12.0710900,-77.0793570,REF-0397,Padre por cercanía: Pabellón E a 40 m
REF-0334,Piso,segundo piso,-12.0710160,-77.0794810,REF-0397,Padre por cercanía: Pabellón E a 32 m
REF-0335,Piso,tercer piso,-12.0709790,-77.0794770,REF-0397,Padre por cercanía: Pabellón E a 28 m
REF-0336,Piso,primer piso,-12.0669460,-77.0786340,REF-0207,Padre por cercanía: Arte Nuevo a 4 m
REF-0337,Facultades,entre sociales y comedor de arte,-12.0706200,-77.0799100,,
REF-0338,Deporte,Polideportivo,-12.0666800,-77.0798700,,
REF-0339,Camino,Tontodromo – educación,-12.0672190,-77.0796430,,
REF-0340,Camino,Tontodromo – educación,-12.0672260,-77.0796380,,
REF-0341,Camino,Tontodromo – educación,-12.0672820,-77.0796210,,
REF-0342,Camino,Tontodromo – educación,-12.0674170,-77.0796470,,
REF-0343,Camino,Tontodromo – educación,-12.0674610,-77.0796750,,
REF-0344,Camino,Tontodromo – educación,-12.0674810,-77.0796710,,
REF-0345,Camino,Tontodromo – educación,-12.0675320,-77.0796480,,
REF-0346,Camino,Tontodromo – educación,-12.0675780,-77.0796480,,
REF-0347,Camino,Tontodromo – educación,-12.0677120,-77.0796490,,
REF-0348,Camino,Tontodromo – educación,-12.0678160,-77.0796070,,
REF-0349,Camino,Tontodromo – educación,-12.0677740,-77.0796180,,
REF-0350,Camino,Tontodromo - hallazgos,-12.0678800,-77.0796330,,
REF-0351,Camino,Tontodromo - hallazgos,-12.0679590,-77.0796420,,
REF-0352,Camino,Tontodromo - hallazgos,-12.0679830,-77.0796270,,
REF-0353,Servicios PUCP,Tinkuy,-12.0680640,-77.0796180,,
REF-0354,Servicios PUCP,Tinkuy,-12.0681390,-77.0796160,,
REF-0355,Servicios PUCP,Tinkuy,-12.0681850,-77.0796070,,
REF-0356,Servicios PUCP,Tinkuy,-12.0682350,-77.0795890,,
REF-0357,Servicios PUCP,Tinkuy,-12.0682480,-77.0795730,,
REF-0358,Edificio,Mac Gregor,-12.0686480,-77.0791670,,
REF-0359,Edificio,Mac Gregor,-12.0687110,-77.0789990,,
REF-0360,Edificio,Mac Gregor,-12.0686440,-77.0790760,,
REF-0361,Edificio,Mac Gregor,-12.0685910,-77.0790810,,
REF-0362,Edificio,Mac Gregor,-12.0685680,-77.0791240,,
REF-0363,Pabellones y Unidades académicas,Pabellón Z,-12.0687330,-77.0812780,,
REF-0364,Pabellones y Unidades académicas,Pabellón Z,-12.0688200,-77.0813010,,
REF-0365,Pabellones y Unidades académicas,Pabellón Z,-12.0688480,-77.0813040,,
REF-0366,Pabellones y Unidades académicas,Pabellón Z,-12.0689060,-77.0812870,,
REF-0367,Pabellones y Unidades académicas,Pabellón Z,-12.0689850,-77.0813710,,
REF-0368,Pabellones y Unidades académicas,Pabellón Z,-12.0690430,-77.0813920,,
REF-0369,Pabellones y Unidades académicas,Pabellón Z,-12.0690780,-77.0813980,,
REF-0370,Pabellones y Unidades académicas,Pabellón H,-12.0691800,-77.0813930,,
REF-0371,Pabellones y Unidades académicas,Pabellón H,-12.0691660,-77.0813710,,
REF-0372,Pabellones y Unidades académicas,Pabellón H,-12.0691760,-77.0813760,,
REF-0373,Pabellones y Unidades académicas,Pabellón H,-12.0693010,-77.0812950,,
REF-0374,Pabellones y Unidades académicas,Pabellón H,-12.0693400,-77.0812560,,
REF-0375,Pabellones y Unidades académicas,Pabellón H,-12.0693840,-77.0811700,,
REF-0376,Pabellones y Unidades académicas,Pabellón Z,-12.0693380,-77.0806040,,
REF-0377,Biblioteca,Biblioteca Central,-12.0696090,-77.0806360,,
REF-0378,Biblioteca,Biblioteca de Teología,-12.0695830,-77.0806940,,
REF-0379,Área verde,Deportes,-12.0658980,-77.0793180,,
REF-0380,Deporte,Deportes,-12.0658870,-77.0793020,,
REF-0381,Deporte,Deportes,-12.0658900,-77.0792950,,
REF-0382,Deporte,Deportes,-12.0658570,-77.0793790,,
REF-0383,Deporte,Deportes,-12.0659190,-77.0793210,,
REF-0384,Deporte,Deportes,-12.0659400,-77.0793030,,
REF-0385,Deporte,Deportes,-12.0659480,-77.0794000,,
REF-0386,Centros / Institutos,Apoyo al Sector Rural,-12.0732420,-77.0808100,,
REF-0387,Centros / Institutos,Apoyo al Sector Rural,-12.0732490,-77.0808020,,
REF-0388,Centros / Institutos,Apoyo al Sector Rural,-12.0732480,-77.0808010,,
REF-0389,Centros / Institutos,Apoyo al Sector Rural,-12.0731140,-77.0812580,,
REF-0390,Centros / Institutos,Apoyo al Sector Rural,-12.0731100,-77.0812560,,
REF-0391,Servicios PUCP,Tinkuy,-12.0685200,-77.0793300,,
REF-0392,Pabellones y Unidades académicas,Pabellón N,-12.0684500,-77.0786600,,
REF-0393,Deporte,Losas deportivas,-12.0659800,-77.0797900,,
REF-0394,Pabellones y Unidades académicas,Pabellón Y,-12.0669000,-77.0791300,,
REF-0395,Pabellones y Unidades académicas,Pabellón R,-12.0678000,-77.0792700,,
REF-0396,Pabellones y Unidades académicas,Pabellón I,-12.0704300,-77.0790900,,
REF-0397,Pabellones y Unidades académicas,Pabellón E,-12.0707300,-77.0794200,,
REF-0398,Pabellones y Unidades académicas,Aulario,-12.0728000,-77.0794400,,
REF-0399,Restaurante,El Puesto,-12.0713900,-77.0793200,,
REF-0400,Comedor,Comedor de Arte Antiguo,-12.0704300,-77.0795500,,
REF-0401,Comedor,Comedor Central,-12.0703500,-77.0811900,,
REF-0402,Pabellones y Unidades académicas,Pabellón D,-12.0698600,-77.0808600,,
REF-0403,Pabellones y Unidades académicas,Pabellón J,-12.0706400,-77.0802700,,
REF-0404,Pabellones y Unidades académicas,Pabellón O/ Pabellón V,-12.0729300,-77.0821200,,
REF-0405,Pabellones y Unidades académicas,Pabellón T,-12.0713900,-77.0806900,,
REF-0406,Pabellones y Unidades académicas,Pabellón M,-12.0719000,-77.0815100,,
REF-0407,Deporte,Cancha de Ing. de Minas,-12.0721300,-77.0818000,,
REF-0408,Pabellones y Unidades académicas,Pabellón L,-12.0676000,-77.0801500,,
REF-0409,Pabellones y Unidades académicas,Pabellón Z,-12.0690200,-77.0808100,,
REF-0410,Deporte,Polideportivo,-12.0665700,-77.0798900,,
REF-0411,Pabellones y Unidades académicas,Pabellón H,-12.0697100,-77.0811400,,
