feature_id,jefe
AV-0001,Bosque húme
AV-0002,Alfonso
AV-0003,Óscar
AV-0004,Alfonso
AV-0005,Óscar
AV-0006,Alfonso
AV-0007,Alfonso
AV-0008,Andrés
AV-0009,Alfonso
AV-0010,Alfonso
AV-0011,
AV-0012,Alfonso
AV-0013,Alfonso
AV-0014,Óscar
AV-0015,Óscar
AV-0016,Óscar
AV-0017,Alfonso
AV-0018,Alfonso
AV-0019,Alfonso
AV-0020,Alfonso
AV-0021,Alfonso
AV-0022,Alfonso
AV-0023,Alfonso
AV-0024,Alfonso
AV-0025,Óscar
AV-0026,Óscar
AV-0027,Óscar
AV-0028,Óscar
AV-0029,Óscar
AV-0030,Óscar
AV-0031,Óscar
AV-0032,Óscar
AV-0033,Óscar
AV-0034,Óscar
AV-0035,Óscar
AV-0036,Óscar
AV-0037,Óscar
AV-0038,Óscar
AV-0039,Óscar
AV-0040,Óscar
AV-0041,Óscar
AV-0042,Óscar
AV-0043,Óscar
AV-0044,Óscar
AV-0045,Óscar
AV-0046,Óscar
AV-0047,Óscar
AV-0048,Óscar
AV-0049,Alfonso
AV-0050,Alfonso
AV-0051,Alfonso
AV-0052,Alfonso
AV-0053,Andrés
AV-0054,Alfonso
AV-0055,Alfonso
AV-0056,Alfonso
AV-0057,Alfonso
AV-0058,Andrés
AV-0059,Óscar
AV-0060,Óscar
AV-0061,Óscar
AV-0062,Óscar
AV-0063,Óscar
AV-0064,Óscar
AV-0065,Óscar
AV-0066,Óscar
AV-0067,Óscar
AV-0068,Óscar
AV-0069,Óscar
AV-0070,Óscar
AV-0071,Óscar
AV-0072,Óscar
AV-0073,Óscar
AV-0074,Óscar
AV-0075,Óscar
AV-0076,Óscar
AV-0077,Óscar
AV-0078,Óscar
AV-0079,Óscar
AV-0080,Óscar
AV-0081,Óscar
AV-0082,Óscar
AV-0083,Óscar
AV-0084,Óscar
AV-0085,Óscar
AV-0086,Óscar
AV-0087,Óscar
AV-0088,Óscar
AV-0089,Óscar
AV-0090,Óscar
AV-0091,Óscar
AV-0092,Óscar
AV-0093,Óscar
AV-0094,Óscar
AV-0095,Óscar
AV-0096,Óscar
AV-0097,Óscar
AV-0098,Óscar
AV-0099,Óscar
AV-0100,Óscar
AV-0101,Óscar
AV-0102,Óscar
AV-0103,Óscar
AV-0104,Óscar
AV-0105,Óscar
AV-0106,Óscar
AV-0107,Óscar
AV-0108,Óscar
AV-0109,Óscar
AV-0110,Óscar
AV-0111,Óscar
AV-0112,Óscar
AV-0113,Óscar
AV-0114,Óscar
AV-0115,Óscar
AV-0116,Óscar
AV-0117,Óscar
AV-0118,Óscar
AV-0119,Óscar
AV-0120,Óscar
AV-0121,Óscar
AV-0122,Óscar
AV-0123,Óscar
AV-0124,Óscar
AV-0125,Óscar
AV-0126,Óscar
AV-0127,Óscar
AV-0128,Óscar
AV-0129,Óscar
AV-0130,Óscar
AV-0131,Óscar
AV-0132,Óscar
AV-0133,Óscar
AV-0134,Óscar
AV-0135,Óscar
AV-0136,Óscar
AV-0137,Óscar
AV-0138,Óscar
AV-0139,Alfonso
AV-0140,Alfonso
AV-0141,Alfonso
AV-0142,Alfonso
AV-0143,Alfonso
AV-0144,Alfonso
AV-0145,Alfonso
AV-0146,Alfonso
AV-0147,Alfonso
AV-0148,Alfonso
AV-0149,Alfonso
AV-0150,Alfonso
AV-0151,Alfonso
AV-0152,Alfonso
AV-0153,Alfonso
AV-0154,Alfonso
AV-0155,Alfonso
AV-0156,Alfonso
AV-0157,Alfonso
AV-0158,Alfonso
AV-0159,Alfonso
AV-0160,Alfonso
AV-0161,Alfonso
AV-0162,Alfonso
AV-0163,Alfonso
AV-0164,Alfonso
AV-0165,Alfonso
AV-0166,Alfonso
AV-0167,Alfonso
AV-0168,Alfonso
AV-0169,Alfonso
AV-0170,Alfonso
AV-0171,Alfonso
AV-0172,Alfonso
AV-0173,Alfonso
AV-0174,Alfonso
AV-0175,Alfonso
AV-0176,Alfonso
AV-0177,Alfonso
AV-0178,Alfonso
AV-0179,Alfonso
AV-0180,Andrés
AV-0181,Andrés
AV-0182,Andrés
AV-0183,Andrés
AV-0184,Óscar
AV-0185,Óscar
AV-0186,Andrés
AV-0187,Andrés
AV-0188,Andrés
AV-0189,Andrés
AV-0190,Andrés
AV-0191,Andrés
AV-0192,Andrés
AV-0193,Óscar
AV-0194,Andrés
AV-0195,Óscar
AV-0196,Andrés
AV-0197,Andrés
AV-0198,Andrés
AV-0199,Andrés
AV-0200,Andrés
AV-0201,Andrés
AV-0202,Andrés
AV-0203,Andrés
AV-0204,Andrés
AV-0205,Andrés
AV-0206,Óscar
AV-0207,Óscar
AV-0208,Óscar
AV-0209,Óscar
AV-0210,Óscar
AV-0211,Andrés
AV-0212,Andrés
AV-0213,Alfonso
AV-0214,Alfonso
AV-0215,Alfonso
AV-0216,Alfonso
AV-0217,Alfonso
AV-0218,Alfonso
AV-0219,Alfonso
AV-0220,Andrés
AV-0221,Andrés
AV-0222,Andrés
AV-0223,Andrés
AV-0224,Andrés
AV-0225,Andrés
AV-0226,Andrés
AV-0227,Andrés
AV-0228,Andrés
AV-0229,Andrés
AV-0230,Andrés
AV-0231,Andrés
AV-0232,Andrés
AV-0233,Óscar
AV-0234,Alfonso
AV-0235,Alfonso
AV-0236,Alfonso
AV-0237,Alfonso
AV-0238,Alfonso
AV-0239,Alfonso
AV-0240,Alfonso
AV-0241,Alfonso
AV-0242,Alfonso
AV-0243,Alfonso
AV-0244,Alfonso
AV-0245,Alfonso
AV-0246,Andrés
AV-0247,Andrés
AV-0248,Andrés
AV-0249,Andrés
AV-0250,Andrés
AV-0251,Andrés
AV-0252,Andrés
AV-0253,Andrés
AV-0254,Andrés
AV-0255,Andrés
AV-0256,Andrés
AV-0257,Óscar
AV-0258,Andrés
AV-0259,Andrés
AV-0260,Andrés
AV-0261,Andrés
AV-0262,Andrés
AV-0263,Andrés
AV-0264,Andrés
AV-0265,Andrés
AV-0266,Andrés
AV-0267,Andrés
AV-0268,Alfonso
AV-0269,Andrés
AV-0270,Andrés
AV-0271,Andrés
AV-0272,Óscar
AV-0273,Alfonso
AV-0274,Andrés
AV-0275,Andrés
AV-0276,Alfonso
AV-0277,Óscar
AV-0278,Óscar
AV-0279,Óscar
AV-0280,Óscar
AV-0281,Óscar
AV-0282,Óscar
AV-0283,Óscar
AV-0284,Alfonso
AV-0285,Alfonso
AV-0286,Andrés
AV-0287,Andrés
AV-0288,Andrés
AV-0289,Óscar
AV-0290,Andrés
AV-0291,Andrés
AV-0292,Andrés
AV-0293,Óscar
AV-0294,Óscar
AV-0295,Óscar
AV-0296,Óscar
AV-0297,Alfonso
AV-0298,Alfonso
AV-0299,Alfonso
AV-0300,Alfonso
AV-0301,Alfonso
AV-0302,Alfonso
AV-0303,Alfonso
AV-0304,Alfonso
AV-0305,Alfonso
AV-0306,Óscar
AV-0307,Óscar
AV-0308,Óscar
AV-0309,Andrés
AV-0310,Andrés
AV-0311,Andrés
AV-0312,Andrés
AV-0313,Andrés
AV-0314,Andrés
AV-0315,Andrés
AV-0316,Andrés
AV-0317,Andrés
AV-0318,Andrés
AV-0319,Andrés
AV-0320,Andrés
AV-0321,Andrés
AV-0322,Andrés
AV-0323,Andrés
AV-0324,Andrés
AV-0325,Andrés
AV-0326,Andrés
AV-0327,Andrés
AV-0328,Andrés
AV-0329,Andrés
AV-0330,Andrés
AV-0331,Andrés
AV-0332,Andrés
AV-0333,Andrés
AV-0334,Óscar
AV-0335,Óscar
AV-0336,Óscar
AV-0337,Óscar
AV-0338,Óscar
AV-0339,Óscar
AV-0340,Óscar
AV-0341,Óscar
AV-0342,Óscar
AV-0343,Óscar
AV-0344,Óscar
AV-0345,Óscar
AV-0346,Óscar
AV-0347,Óscar
AV-0348,Óscar
AV-0349,Óscar
AV-0350,Óscar
AV-0351,Óscar
AV-0352,Óscar
AV-0353,Óscar
AV-0354,Óscar
AV-0355,Óscar
AV-0356,Óscar
AV-0357,Óscar
AV-0358,Alfonso
AV-0359,Alfonso
AV-0360,Alfonso
AV-0361,Alfonso
AV-0362,Alfonso
AV-0363,Alfonso
AV-0364,Alfonso
AV-0365,Alfonso
AV-0366,Alfonso
AV-0367,Alfonso
AV-0368,Alfonso
AV-0369,Alfonso
AV-0370,Alfonso
AV-0371,Alfonso
AV-0372,Alfonso
AV-0373,Alfonso
AV-0374,Alfonso
AV-0375,Alfonso
AV-0376,Alfonso
AV-0377,Alfonso
AV-0378,Alfonso
AV-0379,Andrés
AV-0380,Alfonso
AV-0381,Alfonso
AV-0382,Alfonso
AV-0383,Óscar
AV-0384,Alfonso
AV-0385,Óscar
AV-0386,Óscar
AV-0387,Óscar
AV-0388,Óscar
AV-0389,Óscar
AV-0390,Óscar
AV-0391,Óscar
AV-0392,Óscar
AV-0393,Óscar
AV-0394,Óscar
AV-0395,Alfonso
AV-0396,Alfonso
AV-0397,Alfonso
AV-0398,Alfonso
AV-0399,Óscar
AV-0400,Óscar
AV-0401,Óscar
AV-0402,Óscar
AV-0403,Óscar
AV-0404,Óscar
AV-0405,Óscar
AV-0406,Óscar
AV-0407,Óscar
AV-0408,Óscar
AV-0409,Óscar
AV-0410,Alfonso
AV-0411,Alfonso
AV-0412,Alfonso
AV-0413,Alfonso
AV-0414,Alfonso
AV-0415,Alfonso
AV-0416,Alfonso
AV-0417,Alfonso
AV-0418,Alfonso
AV-0419,Alfonso
AV-0420,Alfonso
AV-0421,Óscar
AV-0422,Óscar
AV-0423,Óscar
AV-0424,Óscar
AV-0425,Óscar
AV-0426,Óscar
AV-0427,Óscar
AV-0428,Óscar
AV-0429,Óscar
AV-0430,Óscar
AV-0431,Óscar
AV-0432,Óscar
AV-0433,Óscar
AV-0434,Óscar
AV-0435,Óscar
AV-0436,Óscar
AV-0437,Óscar
AV-0438,Óscar
AV-0439,Óscar
AV-0440,Óscar
AV-0441,Óscar
AV-0442,Óscar
AV-0443,Óscar
AV-0444,Óscar
AV-0445,Óscar
AV-0446,Óscar
AV-0447,Alfonso
AV-0448,Alfonso
AV-0449,Óscar
AV-0450,Óscar
AV-0451,Óscar
AV-0452,Óscar
AV-0453,Alfonso
AV-0454,Óscar
AV-0455,Óscar
AV-0456,Óscar
AV-0457,Óscar
AV-0458,Óscar
AV-0459,Óscar
AV-0460,Óscar
AV-0461,Óscar
AV-0462,Óscar
AV-0463,Óscar
AV-0464,Óscar
AV-0465,Óscar
AV-0466,Óscar
AV-0467,Alfonso
AV-0468,Alfonso
AV-0469,Alfonso
AV-0470,Alfonso
AV-0471,Alfonso
AV-0472,Alfonso
AV-0473,Alfonso
AV-0474,Alfonso
AV-0475,Alfonso
AV-0476,Alfonso
AV-0477,Alfonso
AV-0478,Alfonso
AV-0479,Alfonso
AV-0480,Alfonso
AV-0481,Alfonso
AV-0482,Alfonso
AV-0483,Óscar
AV-0484,Óscar
AV-0485,Óscar
AV-0486,Óscar
AV-0487,Óscar
AV-0488,Óscar
AV-0489,Óscar
AV-0490,Óscar
AV-0491,Alfonso
AV-0492,Alfonso
AV-0493,Alfonso
AV-0494,Óscar
AV-0495,Óscar
AV-0496,Óscar
AV-0497,Andrés
AV-0498,Andrés
AV-0499,Andrés
AV-0500,campo depo
AV-0501,campo depo
AV-0502,Óscar
AV-0503,Óscar
AV-0504,Óscar
AV-0505,Óscar
AV-0506,Óscar
AV-0507,Óscar
AV-0508,Óscar
AV-0509,Óscar
AV-0510,Andrés
AV-0511,Alfonso
AV-0512,Alfonso
AV-0513,Óscar
AV-0514,Óscar
AV-0515,Alfonso
AV-0516,Alfonso
AV-0517,Andrés
AV-0518,Andrés
AV-0519,Óscar
AV-0520,Alfonso
AV-0521,Alfonso
